Biceps Curl (Incline) ,2024-05-28 08:11:29.968,10.0,10,0,8,12,5.0,5.0
Biceps Curl (Incline) ,2024-05-28 08:11:36.386,16.0,14,1,8,12,5.0,5.0
Benchpress,2024-05-28 08:14:49.079,60.0,10,0,8,12,5.0,5.0
Benchpress,2024-05-28 08:16:28.358,60.0,10,0,8,12,5.0,5.0
Benchpress,2024-05-28 08:18:07.343,90.0,11,1,8,12,5.0,5.0
Benchpress,2024-05-28 08:22:42.537,90.0,8,1,8,12,5.0,5.0
Benchpress,2024-05-28 08:26:05.627,90.0,6,1,8,12,5.0,5.0
Benchpress,2024-05-28 08:28:49.591,80.0,8,2,8,12,5.0,5.0
Biceps Curl (Incline) ,2024-05-28 08:32:46.788,16.0,12,1,8,12,5.0,5.0
Biceps Curl (Incline) ,2024-05-28 08:38:11.139,16.0,9,1,8,12,5.0,5.0
Leg Press,2024-05-29 08:24:20.205,100.0,14,0,8,12,5.0,5.0
Leg Press,2024-05-29 08:25:27.120,160.0,12,1,8,12,5.0,5.0
Leg Press,2024-05-29 08:28:15.543,160.0,12,1,8,12,5.0,5.0
Leg Press,2024-05-29 08:32:55.039,160.0,10,1,8,12,5.0,5.0
Leg Press,2024-05-29 08:35:26.871,160.0,10,1,8,12,5.0,5.0
Pull-ups (tight),2024-06-10 08:06:43.793,-70.0,10,1,8,16,7.0,7.0
Dips,2024-06-10 08:06:54.254,-70.0,10,1,8,16,7.0,7.0
Pull-ups (tight),2024-06-10 08:09:49.564,-70.0,8,1,8,16,7.0,7.0
Dips,2024-06-10 08:09:55.280,-70.0,8,1,8,16,7.0,7.0
Pull-ups (tight),2024-06-10 08:13:01.866,-70.0,7,1,8,16,7.0,7.0
Dips,2024-06-10 08:13:05.722,-70.0,7,1,8,16,7.0,7.0
Dips,2024-06-10 08:15:53.496,-70.0,7,2,8,16,7.0,7.0
Pull-ups (tight),2024-06-10 08:15:57.992,-70.0,7,2,8,16,7.0,7.0
Calf Raise,2024-06-10 08:18:35.889,40.0,10,0,15,30,5.0,5.0
Calf Raise,2024-06-10 08:26:04.654,70.0,18,1,15,30,5.0,5.0
Calf Raise,2024-06-10 08:26:06.660,70.0,16,1,15,30,5.0,5.0
Calf Raise,2024-06-10 08:28:28.484,70.0,16,1,15,30,5.0,5.0
Deadlift,2024-06-10 08:30:22.754,60.0,10,0,8,12,5.0,5.0
Deadlift,2024-06-10 08:33:18.746,60.0,10,0,8,12,5.0,5.0
Deadlift,2024-06-10 08:38:11.047,105.0,9,1,8,12,5.0,5.0
Deadlift,2024-06-10 08:41:56.196,105.0,7,1,8,12,5.0,5.0
Deadlift,2024-06-10 08:46:56.053,105.0,6,1,8,12,5.0,5.0
Benchpress,2024-06-12 08:05:16.477,50.0,12,0,8,12,5.0,5.0
Benchpress,2024-06-12 08:07:35.861,50.0,12,0,8,12,5.0,5.0
Benchpress,2024-06-12 08:11:07.496,90.0,11,1,8,12,5.0,5.0
Benchpress,2024-06-12 08:14:22.734,90.0,7,1,8,12,5.0,5.0
Benchpress,2024-06-12 08:17:51.200,90.0,7,1,8,12,5.0,5.0
Benchpress,2024-06-12 08:21:41.504,80.0,8,2,8,12,5.0,5.0
Biceps Curl (Super Incline) ,2024-06-12 08:25:56.166,12.0,12,1,10,18,2.0,2.0
Biceps Curl (Super Incline) ,2024-06-12 08:28:25.512,12.0,11,1,10,18,2.0,2.0
Biceps Curl (Super Incline) ,2024-06-12 08:31:55.596,12.0,12,1,10,18,2.0,2.0
Biceps Curl (Super Incline) ,2024-06-12 08:34:35.364,12.0,12,1,10,18,2.0,2.0
Forearm Rotation,2024-06-12 08:45:20.135,12.5,20,1,15,30,2.0,2.0
Forearm Rotation,2024-06-12 08:46:32.289,12.5,20,1,15,30,2.0,2.0
Forearm Rotation,2024-06-12 08:51:57.265,12.5,20,1,15,30,2.0,2.0
Ham Curls,2024-06-13 08:11:33.491,35.0,13,0,8,16,5.0,5.0
Ham Curls,2024-06-13 08:13:28.488,50.0,9,1,8,16,5.0,5.0
Ham Curls,2024-06-13 08:15:34.351,50.0,10,1,8,16,5.0,5.0
Ham Curls,2024-06-13 08:19:04.218,45.0,10,2,8,16,5.0,5.0
Squads,2024-06-13 08:23:16.718,20.0,10,0,8,12,5.0,5.0
Squads,2024-06-13 08:28:08.843,50.0,10,0,8,12,5.0,5.0
Lunges,2024-06-13 08:31:28.866,20.0,10,1,10,18,5.0,5.0
Lunges,2024-06-13 08:35:27.848,20.0,7,1,10,18,5.0,5.0
Squads,2024-06-13 08:38:59.313,90.0,10,1,8,12,5.0,5.0
Squads,2024-06-13 08:42:36.049,90.0,7,1,8,12,5.0,5.0
Squads,2024-06-13 08:46:18.502,90.0,6,1,8,12,5.0,5.0
Kettlebell Swings,2024-06-14 08:11:09.355,12.0,25,0,15,30,2.0,2.0
Kettlebell Swings,2024-06-14 08:14:55.029,12.0,25,0,15,30,2.0,2.0
Kettlebell Swings,2024-06-14 08:18:03.869,12.0,25,0,15,30,2.0,2.0
Butterfly (ext),2024-06-14 08:19:47.190,60.0,15,1,10,16,5.0,5.0
Butterfly (ext),2024-06-14 08:22:20.715,60.0,11,1,10,16,5.0,5.0
Butterfly (ext),2024-06-14 08:25:14.493,60.0,10,1,10,16,5.0,5.0
Butterfly (ext),2024-06-14 08:27:02.576,60.0,10,1,10,16,5.0,5.0
Lat Press,2024-06-14 08:28:54.807,40.0,12,1,10,16,5.0,5.0
Lat Press,2024-06-14 08:31:14.476,40.0,10,1,10,16,5.0,5.0
Lat Press,2024-06-14 08:33:42.598,40.0,10,1,10,16,5.0,5.0
Lat Press,2024-06-14 08:35:50.450,40.0,9,1,10,16,5.0,5.0
Lat Prayer,2024-06-14 08:38:48.484,40.0,12,1,10,16,5.0,5.0
Lat Prayer,2024-06-14 08:41:03.254,40.0,8,1,10,16,5.0,5.0
Lat Prayer,2024-06-14 08:43:25.669,40.0,8,1,10,16,5.0,5.0
Lat Prayer,2024-06-14 08:45:38.107,30.0,9,2,10,16,5.0,5.0
Lat Raise (Cable),2024-06-14 08:48:10.748,7.05,14,1,10,18,2.5,2.5
Lat Raise (Cable),2024-06-14 08:50:48.670,7.05,11,1,10,18,2.5,2.5
Lat Raise (Cable),2024-06-14 08:54:22.826,7.05,10,1,10,18,2.5,2.5
Pull-ups (tight),2024-06-17 08:11:06.515,-70.0,11,1,8,16,7.0,7.0
Dips,2024-06-17 08:11:14.829,-70.0,11,1,8,16,7.0,7.0
Pull-ups (tight),2024-06-17 08:14:17.649,-70.0,8,1,8,16,7.0,7.0
Dips,2024-06-17 08:14:23.617,-70.0,8,1,8,16,7.0,7.0
Pull-ups (tight),2024-06-17 08:17:50.367,-70.0,8,1,8,16,7.0,7.0
Dips,2024-06-17 08:17:54.994,-70.0,8,1,8,16,7.0,7.0
Pull-ups (tight),2024-06-17 08:21:09.551,-70.0,10,2,8,16,7.0,7.0
Dips,2024-06-17 08:21:29.697,-70.0,9,2,8,16,7.0,7.0
Calf Raise,2024-06-17 08:26:31.077,70.0,21,1,15,30,5.0,5.0
Calf Raise,2024-06-17 08:29:39.449,70.0,17,1,15,30,5.0,5.0
Calf Raise,2024-06-17 08:32:01.484,70.0,19,1,15,30,5.0,5.0
Deadlift,2024-06-17 08:35:38.427,60.0,12,0,8,12,5.0,5.0
Deadlift,2024-06-17 08:40:36.787,60.0,12,0,8,12,5.0,5.0
Deadlift,2024-06-17 08:43:15.832,105.0,11,1,8,12,5.0,5.0
Deadlift,2024-06-17 08:46:56.026,105.0,7,1,8,12,5.0,5.0
Deadlift,2024-06-17 08:50:33.675,105.0,6,1,8,12,5.0,5.0
Benchpress,2024-06-19 08:14:20.820,60.0,12,0,8,12,5.0,5.0
Benchpress,2024-06-19 08:17:30.958,60.0,10,0,8,12,5.0,5.0
Benchpress,2024-06-19 08:21:08.621,90.0,12,1,8,12,5.0,5.0
Benchpress,2024-06-19 08:24:43.443,90.0,7,1,8,12,5.0,5.0
Benchpress,2024-06-19 08:28:52.598,90.0,7,1,8,12,5.0,5.0
Benchpress,2024-06-19 08:31:55.951,80.0,8,2,8,12,5.0,5.0
Biceps Curl (Super Incline) ,2024-06-19 08:35:43.257,12.0,15,1,10,18,2.0,2.0
Biceps Curl (Super Incline) ,2024-06-19 08:38:41.556,12.0,13,1,10,18,2.0,2.0
Biceps Curl (Super Incline) ,2024-06-19 08:41:27.479,12.0,11,1,10,18,2.0,2.0
Biceps Curl (Super Incline) ,2024-06-19 08:46:09.268,12.0,12,1,10,18,2.0,2.0
Forearm Rotation,2024-06-19 09:01:56.729,12.5,20,1,15,30,2.0,2.0
Forearm Rotation,2024-06-19 09:01:57.735,12.5,20,1,15,30,2.0,2.0
Forearm Rotation,2024-06-19 09:01:57.816,12.5,20,1,15,30,2.0,2.0
Ham Curls,2024-06-20 08:05:21.151,30.0,16,0,8,16,5.0,5.0
Ham Curls,2024-06-20 08:07:28.988,50.0,12,1,8,16,5.0,5.0
Ham Curls,2024-06-20 08:09:30.745,50.0,11,1,8,16,5.0,5.0
Ham Curls,2024-06-20 08:12:03.109,50.0,11,1,8,16,5.0,5.0
Squads,2024-06-20 08:18:03.357,20.0,10,0,8,12,5.0,5.0
Lunges,2024-06-20 08:21:32.969,20.0,11,1,10,18,5.0,5.0
Lunges,2024-06-20 08:24:42.680,20.0,8,1,8,12,10.0,10.0
Lunges,2024-06-20 08:27:51.210,20.0,8,1,8,12,10.0,10.0
Squads,2024-06-20 08:29:37.617,60.0,10,0,8,12,5.0,5.0
Squads,2024-06-20 08:34:24.792,90.0,11,1,8,12,5.0,5.0
Squads,2024-06-20 08:38:32.370,90.0,8,1,8,12,5.0,5.0
Squads,2024-06-20 08:45:07.704,80.0,8,2,8,12,5.0,5.0
Kettlebell Swings,2024-06-21 08:08:13.173,12.0,25,0,15,30,2.0,2.0
Kettlebell Swings,2024-06-21 08:10:45.425,12.0,25,0,15,30,2.0,2.0
Kettlebell Swings,2024-06-21 08:14:44.502,12.0,25,0,15,30,2.0,2.0
Butterfly (ext),2024-06-21 08:16:55.357,60.0,16,1,10,16,5.0,5.0
Butterfly (ext),2024-06-21 08:18:54.502,60.0,10,1,10,16,5.0,5.0
Butterfly (ext),2024-06-21 08:21:43.753,60.0,10,1,10,16,5.0,5.0
Butterfly (ext),2024-06-21 08:23:55.266,60.0,8,1,10,16,5.0,5.0
Lat Press,2024-06-21 08:25:54.223,40.0,13,1,10,16,5.0,5.0
Lat Press,2024-06-21 08:28:12.819,40.0,9,1,10,16,5.0,5.0
Lat Press,2024-06-21 08:30:18.034,40.0,7,1,10,16,5.0,5.0
Lat Press,2024-06-21 08:32:28.102,40.0,8,1,10,16,5.0,5.0
Lat Prayer,2024-06-21 08:35:01.369,40.0,13,1,10,16,5.0,5.0
Lat Prayer,2024-06-21 08:38:08.005,40.0,8,1,10,16,5.0,5.0
Lat Prayer,2024-06-21 08:40:31.416,40.0,6,1,10,16,5.0,5.0
Lat Prayer,2024-06-21 08:43:17.051,30.0,7,2,10,16,5.0,5.0
Lat Raise (Cable),2024-06-21 08:45:31.537,7.5,14,1,10,18,2.5,2.5
Lat Raise (Cable),2024-06-21 08:48:23.198,7.5,10,1,10,18,2.5,2.5
Lat Raise (Cable),2024-06-21 08:51:23.405,7.5,7,1,10,18,2.5,2.5
Pull-ups (tight),2024-06-24 08:23:48.925,-70.0,12,1,8,16,7.0,7.0
Dips,2024-06-24 08:23:54.126,-70.0,12,1,8,16,7.0,7.0
Pull-ups (tight),2024-06-24 08:27:01.555,-70.0,8,1,8,16,7.0,7.0
Dips,2024-06-24 08:27:06.985,-70.0,8,1,8,16,7.0,7.0
Pull-ups (tight),2024-06-24 08:30:39.013,-70.0,7,1,8,16,7.0,7.0
Dips,2024-06-24 08:30:43.753,-70.0,7,1,8,16,7.0,7.0
Pull-ups (tight),2024-06-24 08:34:20.575,-70.0,8,2,8,16,7.0,7.0
Dips,2024-06-24 08:34:25.071,-70.0,8,2,8,16,7.0,7.0
Deadlift,2024-06-24 08:37:22.401,60.0,11,0,8,12,5.0,5.0
Deadlift,2024-06-24 08:40:01.369,60.0,10,0,8,12,5.0,5.0
Deadlift,2024-06-24 08:44:08.977,110.0,8,1,8,12,5.0,5.0
Deadlift,2024-06-24 08:47:48.176,110.0,7,1,8,12,5.0,5.0
Deadlift,2024-06-24 08:52:39.964,110.0,7,1,8,12,5.0,5.0
Deadlift,2024-06-24 09:52:34.986,100.0,7,2,8,12,5.0,5.0
Benchpress,2024-06-26 08:06:25.713,60.0,12,0,8,12,5.0,5.0
Benchpress,2024-06-26 08:10:44.352,60.0,12,0,8,12,5.0,5.0
Benchpress,2024-06-26 08:13:14.488,95.0,8,1,8,12,5.0,5.0
Benchpress,2024-06-26 08:16:37.536,95.0,6,1,8,12,5.0,5.0
Benchpress,2024-06-26 08:20:11.371,95.0,6,1,8,12,5.0,5.0
Benchpress,2024-06-26 08:23:19.819,80.0,8,2,8,12,5.0,5.0
Biceps Curl (Super Incline) ,2024-06-26 08:31:41.268,12.0,18,1,10,18,2.0,2.0
Biceps Curl (Super Incline) ,2024-06-26 08:34:20.172,12.0,14,1,10,18,2.0,2.0
Calf Raise,2024-06-26 08:37:12.254,70.0,23,1,15,30,5.0,5.0
Biceps Curl (Super Incline) ,2024-06-26 08:38:26.617,12.0,14,1,10,18,2.0,2.0
Calf Raise,2024-06-26 08:40:09.593,70.0,16,1,15,30,5.0,5.0
Biceps Curl (Super Incline) ,2024-06-26 08:41:37.521,12.0,12,1,10,18,2.0,2.0
Calf Raise,2024-06-26 08:44:37.370,70.0,19,1,15,30,5.0,5.0
Ham Curls,2024-06-27 08:06:19.913,35.0,16,0,8,16,5.0,5.0
Ham Curls,2024-06-27 08:11:51.591,50.0,13,1,8,16,5.0,5.0
Ham Curls,2024-06-27 08:11:53.597,50.0,12,1,8,16,5.0,5.0
Ham Curls,2024-06-27 08:13:12.045,50.0,12,1,8,16,5.0,5.0
Lunges,2024-06-27 08:15:32.887,10.0,10,0,8,12,10.0,10.0
Lunges,2024-06-27 08:18:47.668,20.0,12,1,8,12,10.0,10.0
Lunges,2024-06-27 08:21:34.613,20.0,8,1,8,12,10.0,10.0
Lunges,2024-06-27 08:24:29.677,20.0,8,1,8,12,10.0,10.0
Squads,2024-06-27 08:29:50.834,20.0,10,0,8,12,5.0,5.0
Squads,2024-06-27 08:31:04.764,60.0,10,0,8,12,5.0,5.0
Squads,2024-06-27 08:35:06.050,90.0,12,1,8,12,5.0,5.0
Squads,2024-06-27 08:40:36.350,90.0,8,1,8,12,5.0,5.0
Squads,2024-06-27 08:44:57.131,60.0,8,2,8,12,5.0,5.0
Cable Flies,2024-06-28 08:11:52.795,10.0,12,0,10,15,5.0,5.0
Cross-Arm Rear Delt,2024-06-28 08:12:08.103,10.0,10,0,10,20,2.5,2.5
Cross-Arm Rear Delt,2024-06-28 08:13:43.603,10.0,12,1,10,20,2.5,2.5
Cable Flies,2024-06-28 08:15:21.386,10.0,16,1,10,15,5.0,5.0
Cross-Arm Rear Delt,2024-06-28 08:18:09.054,10.0,10,1,10,16,2.5,2.5
Cross-Arm Rear Delt,2024-06-28 08:22:05.797,10.0,9,1,10,16,2.5,2.5
Cable Flies,2024-06-28 08:23:40.346,10.0,13,1,10,15,5.0,5.0
Cable Flies,2024-06-28 08:23:58.701,10.0,12,1,10,15,5.0,5.0
Cross-Arm Rear Delt,2024-06-28 08:26:12.051,10.0,9,1,10,16,2.5,2.5
Cable Flies,2024-06-28 08:27:28.713,10.0,12,1,10,15,5.0,5.0
Lat Pulldown (1arm),2024-06-28 08:31:10.562,20.0,12,1,10,15,2.5,2.5
Lat Pulldown (1arm),2024-06-28 08:36:58.493,20.0,12,1,10,15,2.5,2.5
Lat Pulldown (1arm),2024-06-28 08:39:50.651,20.0,12,1,10,15,2.5,2.5
Lat Pulldown (1arm),2024-06-28 08:43:47.782,20.0,10,1,10,15,2.5,2.5
Lat Raise (Cable),2024-06-28 08:46:14.769,7.5,16,1,10,18,2.5,2.5
Lat Raise (Cable),2024-06-28 08:47:55.771,7.5,9,1,10,18,2.5,2.5
Lat Raise (Cable),2024-06-28 08:49:47.645,7.5,6,1,10,18,2.5,2.5
Pull-ups (wide) ,2024-06-28 08:55:45.692,-70.0,7,1,8,12,7.0,7.0
Pull-ups (wide) ,2024-06-28 08:55:47.702,-70.0,6,1,8,12,7.0,7.0
Pull-ups (wide) ,2024-06-28 08:57:03.678,-70.0,6,2,8,12,7.0,7.0
Pull-ups (tight),2024-07-09 08:08:56.891,-70.0,13,1,8,16,7.0,7.0
Pull-ups (tight),2024-07-09 08:13:19.191,-70.0,8,1,8,16,7.0,7.0
Dips,2024-07-09 08:13:24.291,-70.0,12,1,8,16,7.0,7.0
Dips,2024-07-09 08:13:27.285,-70.0,8,1,8,16,7.0,7.0
Pull-ups (tight),2024-07-09 08:16:52.569,-70.0,7,1,8,16,7.0,7.0
Dips,2024-07-09 08:16:56.358,-70.0,7,1,8,16,7.0,7.0
Pull-ups (tight),2024-07-09 08:20:37.161,-70.0,8,2,8,16,7.0,7.0
Dips,2024-07-09 08:20:44.791,-70.0,8,2,8,16,7.0,7.0
Calf Raise,2024-07-09 08:24:41.840,70.0,25,1,15,30,5.0,5.0
Calf Raise,2024-07-09 08:29:04.637,70.0,20,1,15,30,5.0,5.0
Calf Raise,2024-07-09 08:32:20.463,70.0,19,1,15,30,5.0,5.0
Deadlift,2024-07-09 08:34:21.448,60.0,10,0,8,12,5.0,5.0
Deadlift,2024-07-09 08:39:48.099,60.0,10,0,8,12,5.0,5.0
Deadlift,2024-07-09 08:42:58.115,110.0,10,1,8,12,5.0,5.0
Deadlift,2024-07-09 08:50:14.145,110.0,7,1,8,12,5.0,5.0
Deadlift,2024-07-09 08:52:46.467,110.0,6,1,8,12,5.0,5.0
Deadlift,2024-07-09 08:58:18.856,100.0,8,2,8,12,5.0,5.0
Pull-ups (tight),2024-07-17 08:07:19.057,-70.0,13,1,8,16,7.0,7.0
Dips,2024-07-17 08:07:21.974,-70.0,12,1,8,16,7.0,7.0
Pull-ups (tight),2024-07-17 08:09:58.495,-70.0,9,1,8,16,7.0,7.0
Dips,2024-07-17 08:10:04.687,-70.0,8,1,8,16,7.0,7.0
Pull-ups (tight),2024-07-17 08:13:18.380,-70.0,7,1,8,16,7.0,7.0
Dips,2024-07-17 08:13:22.179,-70.0,7,1,8,16,7.0,7.0
Benchpress,2024-07-17 08:17:36.930,60.0,10,0,8,12,5.0,5.0
Benchpress,2024-07-17 08:20:31.058,95.0,8,1,8,12,5.0,5.0
Benchpress,2024-07-17 08:24:11.430,90.0,6,2,8,12,5.0,5.0
Benchpress,2024-07-17 08:27:43.678,80.0,7,2,8,12,5.0,5.0
Biceps Curl (Super Incline) ,2024-07-17 08:32:01.957,12.0,18,1,10,18,2.0,2.0
Biceps Curl (Super Incline) ,2024-07-17 08:34:01.442,12.0,12,1,10,18,2.0,2.0
Biceps Curl (Super Incline) ,2024-07-17 08:37:04.185,12.0,10,1,10,18,2.0,2.0
Biceps Curl (Super Incline) ,2024-07-17 08:40:05.133,12.0,11,1,10,18,2.0,2.0
Deadlift,2024-07-17 08:58:46.619,60.0,10,0,8,12,5.0,5.0
Deadlift,2024-07-17 08:58:46.718,60.0,10,0,8,12,5.0,5.0
Deadlift,2024-07-17 09:03:10.347,110.0,10,1,8,12,5.0,5.0
Deadlift,2024-07-17 09:08:56.268,110.0,7,1,8,12,5.0,5.0
Cross-Arm Rear Delt,2024-07-19 08:45:21.087,7.0,10,0,10,16,2.5,2.5
Cross-Arm Rear Delt,2024-07-19 08:48:29.469,10.0,10,1,10,16,2.5,2.5
Cross-Arm Rear Delt,2024-07-19 08:50:19.150,10.0,10,1,10,16,2.5,2.5
Cross-Arm Rear Delt,2024-07-19 08:52:49.924,10.0,10,1,10,16,2.5,2.5
Lat Pulldown (1arm),2024-07-19 08:56:09.588,20.0,14,1,10,15,2.5,2.5
Lat Pulldown (1arm),2024-07-19 09:00:26.871,20.0,14,1,10,15,2.5,2.5
Lat Pulldown (1arm),2024-07-19 09:02:53.494,20.0,15,1,10,15,2.5,2.5
Lat Pulldown (1arm),2024-07-19 09:07:48.585,22.5,13,1,10,15,2.5,2.5
Ham Curls,2024-07-19 09:09:29.789,50.0,13,1,8,16,5.0,5.0
Ham Curls,2024-07-19 09:12:40.112,50.0,12,1,8,16,5.0,5.0
Ham Curls,2024-07-19 09:14:30.156,50.0,9,1,8,16,5.0,5.0
Pull-ups (wide) ,2024-07-19 09:16:56.462,-70.0,7,1,8,12,7.0,7.0
Pull-ups (wide) ,2024-07-19 09:19:56.343,-70.0,7,1,8,12,7.0,7.0
Pull-ups (wide) ,2024-07-19 09:20:02.345,-70.0,8,1,8,12,7.0,7.0
Pull-ups (tight),2024-07-22 08:06:35.957,-70.0,13,0,8,16,7.0,7.0
Dips,2024-07-22 08:06:42.665,-70.0,12,0,8,16,7.0,7.0
Pull-ups (tight),2024-07-22 08:09:52.881,-70.0,12,1,8,16,7.0,7.0
Dips,2024-07-22 08:09:56.713,-70.0,12,1,8,16,7.0,7.0
Dips,2024-07-22 08:12:54.640,-70.0,8,1,8,16,7.0,7.0
Pull-ups (tight),2024-07-22 08:12:59.655,-70.0,8,1,8,16,7.0,7.0
Dips,2024-07-22 08:17:13.004,-70.0,12,1,8,16,7.0,7.0
Pull-ups (tight),2024-07-22 08:17:17.506,-70.0,13,1,8,16,7.0,7.0
Calf Raise,2024-07-22 08:19:59.541,70.0,25,1,15,30,5.0,5.0
Calf Raise,2024-07-22 08:22:33.973,70.0,20,1,15,30,5.0,5.0
Calf Raise,2024-07-22 08:24:37.635,70.0,19,1,15,30,5.0,5.0
Deadlift,2024-07-22 08:28:11.029,60.0,10,0,8,12,5.0,5.0
Deadlift,2024-07-22 08:33:13.013,60.0,10,0,8,12,5.0,5.0
Deadlift,2024-07-22 08:39:25.213,110.0,6,1,8,12,5.0,5.0
Deadlift,2024-07-22 08:39:34.212,110.0,11,1,8,12,5.0,5.0
Deadlift,2024-07-22 08:45:07.942,110.0,6,1,8,12,5.0,5.0
Benchpress,2024-07-24 08:11:17.220,60.0,10,0,8,12,5.0,5.0
Benchpress,2024-07-24 08:11:17.647,60.0,10,0,8,12,5.0,5.0
Benchpress,2024-07-24 08:14:57.476,95.0,9,1,8,12,5.0,5.0
Benchpress,2024-07-24 08:17:34.357,95.0,6,1,8,12,5.0,5.0
Benchpress,2024-07-24 08:20:32.973,90.0,6,2,8,12,5.0,5.0
Benchpress,2024-07-24 08:25:23.301,90.0,6,2,8,12,5.0,5.0
Biceps Curl (Super Incline) ,2024-07-24 08:27:33.383,14.0,13,1,10,18,2.0,2.0
Biceps Curl (Super Incline) ,2024-07-24 08:32:02.806,14.0,11,1,10,18,2.0,2.0
Biceps Curl (Super Incline) ,2024-07-24 08:33:15.895,14.0,10,1,10,18,2.0,2.0
Biceps Curl (Super Incline) ,2024-07-24 08:36:33.409,14.0,10,1,10,18,2.0,2.0
Forearm Rotation,2024-07-24 08:49:16.358,12.5,20,1,15,30,2.0,2.0
Forearm Rotation,2024-07-24 08:49:52.813,12.5,20,1,15,30,2.0,2.0
Forearm Rotation,2024-07-24 10:02:55.557,12.5,20,1,15,30,2.0,2.0
Ham Curls,2024-07-25 08:13:23.549,25.0,13,0,8,16,5.0,5.0
Ham Curls,2024-07-25 08:16:14.494,50.0,14,1,8,16,5.0,5.0
Ham Curls,2024-07-25 08:18:05.549,50.0,12,1,8,16,5.0,5.0
Ham Curls,2024-07-25 08:20:29.085,50.0,12,1,8,16,5.0,5.0
Lunges,2024-07-25 08:24:00.157,10.0,10,0,8,12,10.0,10.0
Lunges,2024-07-25 08:31:17.693,20.0,12,1,8,12,10.0,10.0
Lunges,2024-07-25 08:31:19.703,20.0,8,1,8,12,10.0,10.0
Lunges,2024-07-25 08:34:20.041,20.0,8,1,8,12,10.0,10.0
Squads,2024-07-25 08:37:54.887,45.0,10,0,8,12,5.0,5.0
Squads,2024-07-25 08:43:03.161,45.0,12,0,8,12,5.0,5.0
Squads,2024-07-25 08:43:10.165,95.0,8,1,8,12,5.0,5.0
Benchpress,2024-07-30 08:17:30.102,60.0,9,0,8,12,5.0,5.0
Benchpress,2024-07-30 08:21:12.076,60.0,9,0,8,12,5.0,5.0
Benchpress,2024-07-30 08:23:53.794,95.0,9,1,8,12,5.0,5.0
Benchpress,2024-07-30 08:26:46.812,95.0,6,1,8,12,5.0,5.0
Benchpress,2024-07-30 08:28:36.054,80.0,6,2,8,12,5.0,5.0
Pull-ups (tight),2024-07-30 08:32:16.401,-70.0,11,1,8,16,7.0,7.0
Pull-ups (tight),2024-07-30 08:34:50.967,-70.0,7,1,8,16,7.0,7.0
Pull-ups (tight),2024-07-30 08:38:11.769,-70.0,8,1,8,16,7.0,7.0
Deadlift,2024-07-30 08:40:36.671,60.0,10,0,8,12,5.0,5.0
Deadlift,2024-07-30 08:45:33.739,110.0,11,1,8,12,5.0,5.0
Deadlift,2024-07-30 08:49:46.837,110.0,7,1,8,12,5.0,5.0
Deadlift,2024-07-30 08:58:08.141,100.0,7,2,8,12,5.0,5.0
Pull-ups (tight),2024-08-19 08:50:35.681,-70.0,11,1,8,16,7.0,7.0
Pull-ups (tight),2024-08-19 08:50:37.686,-70.0,9,1,8,16,7.0,7.0
Dips,2024-08-19 08:50:41.959,-70.0,12,1,8,16,7.0,7.0
Dips,2024-08-19 08:50:43.951,-70.0,9,1,8,16,7.0,7.0
Pull-ups (tight),2024-08-19 08:52:20.165,-70.0,7,1,8,16,7.0,7.0
Dips,2024-08-19 08:52:24.366,-70.0,7,1,8,16,7.0,7.0
Deadlift,2024-08-19 08:56:26.970,60.0,10,0,8,12,5.0,5.0
Deadlift,2024-08-19 08:58:52.592,55.0,11,0,8,12,5.0,5.0
Deadlift,2024-08-19 09:02:33.444,110.0,11,1,8,12,5.0,5.0
Deadlift,2024-08-19 09:06:09.136,110.0,6,1,8,12,5.0,5.0
Deadlift,2024-08-19 09:16:16.585,110.0,6,1,8,12,5.0,5.0
Benchpress,2024-08-20 08:06:02.484,60.0,12,0,8,12,5.0,5.0
Benchpress,2024-08-20 08:09:57.125,60.0,12,0,8,12,5.0,5.0
Benchpress,2024-08-20 08:11:39.402,95.0,10,1,8,12,5.0,5.0
Benchpress,2024-08-20 08:14:22.870,95.0,5,1,8,12,5.0,5.0
Benchpress,2024-08-20 08:17:06.512,90.0,5,2,8,12,5.0,5.0
Benchpress,2024-08-20 08:21:39.064,80.0,7,2,8,12,5.0,5.0
Calf Raise,2024-08-20 08:25:20.370,70.0,25,1,15,30,5.0,5.0
Calf Raise,2024-08-20 08:28:20.848,70.0,18,1,15,30,5.0,5.0
Calf Raise,2024-08-20 08:31:31.793,70.0,16,1,15,30,5.0,5.0
Biceps Curl (Super Incline) ,2024-08-20 08:33:59.914,14.0,14,1,10,18,2.0,2.0
Biceps Curl (Super Incline) ,2024-08-20 08:38:47.747,14.0,11,1,10,18,2.0,2.0
Biceps Curl (Super Incline) ,2024-08-20 08:38:50.742,14.0,9,1,10,18,2.0,2.0
Biceps Curl (Super Incline) ,2024-08-20 08:41:43.744,14.0,10,1,10,18,2.0,2.0
Pull-ups (tight),2024-08-26 08:08:00.086,-70.0,12,1,8,16,7.0,7.0
Dips,2024-08-26 08:08:04.560,-70.0,12,1,8,16,7.0,7.0
Pull-ups (tight),2024-08-26 08:11:39.440,-70.0,7,1,8,16,7.0,7.0
Dips,2024-08-26 08:11:45.745,-70.0,7,1,8,16,7.0,7.0
Pull-ups (tight),2024-08-26 08:14:46.735,-70.0,7,2,8,16,7.0,7.0
Dips,2024-08-26 08:14:50.680,-70.0,7,2,8,16,7.0,7.0
Deadlift,2024-08-26 08:19:34.662,60.0,10,0,8,12,5.0,5.0
Deadlift,2024-08-26 08:21:12.510,60.0,10,0,8,12,5.0,5.0
Deadlift,2024-08-26 08:26:37.800,110.0,11,1,8,12,5.0,5.0
Deadlift,2024-08-26 08:30:43.929,110.0,7,1,8,12,5.0,5.0
Deadlift,2024-08-26 08:34:45.020,110.0,7,1,8,12,5.0,5.0
Benchpress,2024-08-27 08:12:04.503,60.0,10,0,8,12,5.0,5.0
Benchpress,2024-08-27 08:14:00.562,60.0,10,0,8,12,5.0,5.0
Benchpress,2024-08-27 08:18:00.378,95.0,10,1,8,12,5.0,5.0
Benchpress,2024-08-27 08:21:33.160,95.0,5,1,8,12,5.0,5.0
Benchpress,2024-08-27 08:24:16.395,90.0,6,2,8,12,5.0,5.0
Benchpress,2024-08-27 08:27:36.639,80.0,6,2,8,12,5.0,5.0
Calf Raise,2024-08-27 08:31:50.225,70.0,25,1,15,30,5.0,5.0
Calf Raise,2024-08-27 08:33:50.755,80.0,18,1,15,30,5.0,5.0
Calf Raise,2024-08-27 08:36:40.595,80.0,18,1,15,30,5.0,5.0
Biceps Curl (Super Incline) ,2024-08-27 08:40:32.374,14.0,16,1,10,18,2.0,2.0
Biceps Curl (Super Incline) ,2024-08-27 08:42:56.867,14.0,10,1,10,18,2.0,2.0
Biceps Curl (Super Incline) ,2024-08-27 08:46:51.781,14.0,8,1,10,18,2.0,2.0
Biceps Curl (Super Incline) ,2024-08-27 08:49:14.978,14.0,9,1,10,18,2.0,2.0
Facepull,2024-08-28 08:11:23.405,20.0,13,0,10,15,2.5,2.5
Facepull,2024-08-28 08:12:48.332,30.0,10,0,10,15,2.5,2.5
Facepull,2024-08-28 08:14:56.013,35.0,15,1,10,15,2.5,2.5
Facepull,2024-08-28 08:20:35.536,37.5,12,1,10,15,2.5,2.5
Facepull,2024-08-28 08:20:42.533,37.5,12,1,10,15,2.5,2.5
Facepull,2024-08-28 08:22:24.271,37.5,10,1,10,15,2.5,2.5
Lat Prayer,2024-08-28 08:24:26.191,40.0,12,1,10,16,5.0,5.0
Lat Prayer,2024-08-28 08:27:36.945,40.0,8,1,10,16,5.0,5.0
Lat Prayer,2024-08-28 08:30:28.987,40.0,8,1,10,16,5.0,5.0
Lat Raise (Cable),2024-08-28 08:32:32.103,7.5,16,1,10,18,2.5,2.5
Lat Raise (Cable),2024-08-28 08:35:06.843,7.5,8,1,10,18,2.5,2.5
Lat Raise (Cable),2024-08-28 08:38:01.369,7.5,7,1,10,18,2.5,2.5
Lat Pulldown,2024-08-28 08:41:06.000,40.0,16,1,8,14,5.0,5.0
Lat Pulldown,2024-08-28 08:43:04.608,45.0,12,1,8,14,5.0,5.0
Lat Pulldown,2024-08-28 08:46:41.845,45.0,10,1,8,14,5.0,5.0
Forearm Rotation,2024-08-28 08:47:54.021,12.5,20,1,15,30,2.0,2.0
Forearm Rotation,2024-08-28 08:49:14.122,12.5,20,1,15,30,2.0,2.0
Forearm Rotation,2024-08-28 08:51:01.756,12.5,20,1,15,30,2.0,2.0
Ham Curls,2024-08-29 08:09:36.160,40.0,14,0,8,16,5.0,5.0
Ham Curls,2024-08-29 08:10:28.515,50.0,14,1,8,16,5.0,5.0
Ham Curls,2024-08-29 08:12:55.169,50.0,14,1,8,16,5.0,5.0
Ham Curls,2024-08-29 08:15:24.756,50.0,16,1,8,16,5.0,5.0
Lunges,2024-08-29 08:19:09.125,32.0,9,1,8,12,10.0,10.0
Lunges,2024-08-29 08:21:46.543,32.0,6,1,8,12,10.0,10.0
Lunges,2024-08-29 08:24:42.033,32.0,6,1,8,12,10.0,10.0
Squads,2024-08-29 08:27:39.220,60.0,9,0,8,12,5.0,5.0
Squads,2024-08-29 08:31:39.331,60.0,10,0,8,12,5.0,5.0
Squads,2024-08-29 08:33:52.655,95.0,9,1,8,12,5.0,5.0
Squads,2024-08-29 08:37:38.107,95.0,7,1,8,12,5.0,5.0
Squads,2024-08-29 08:43:56.849,90.0,7,2,8,12,5.0,5.0
Pull-ups (wide) ,2024-08-30 08:09:42.427,-70.0,8,1,8,12,7.0,7.0
Pull-ups (wide) ,2024-08-30 08:12:25.960,-70.0,7,1,8,12,7.0,7.0
Pull-ups (wide) ,2024-08-30 08:14:54.175,-70.0,7,1,8,12,7.0,7.0
Lat Pulldown (1arm),2024-08-30 08:33:22.177,20.0,18,1,10,15,2.5,2.5
Lat Pulldown (1arm),2024-08-30 08:36:11.653,25.0,14,1,10,15,2.5,2.5
Lat Pulldown (1arm),2024-08-30 08:39:14.706,30.0,12,1,10,15,2.5,2.5
Lat Pulldown,2024-08-30 08:49:37.684,50.0,14,1,8,14,5.0,5.0
Lat Pulldown,2024-08-30 08:51:54.573,50.0,12,1,8,14,5.0,5.0
Lat Pulldown,2024-08-30 08:53:47.901,60.0,10,1,8,14,5.0,5.0
Butterfly (m) ,2024-08-30 08:56:48.966,50.0,15,1,10,16,5.0,5.0
Butterfly (m) ,2024-08-30 08:58:55.649,60.0,10,1,10,16,5.0,5.0
Butterfly (m) ,2024-08-30 09:01:19.104,60.0,9,1,10,16,5.0,5.0
Pull-ups (tight),2024-09-03 13:35:40.723,-70.0,12,1,8,16,7.0,7.0
Pull-ups (tight),2024-09-03 13:35:43.715,-70.0,6,1,8,16,7.0,7.0
Pull-ups (tight),2024-09-03 13:37:50.599,-70.0,7,1,8,16,7.0,7.0
Benchpress,2024-09-03 13:45:00.695,95.0,10,1,8,12,5.0,5.0
Benchpress,2024-09-03 13:49:21.493,95.0,6,1,8,12,5.0,5.0
Benchpress,2024-09-03 13:51:02.621,80.0,7,2,8,12,5.0,5.0
Benchpress,2024-09-03 13:55:27.365,80.0,7,2,8,12,5.0,5.0
Deadlift,2024-09-03 13:56:46.872,60.0,11,0,8,12,5.0,5.0
Deadlift,2024-09-03 13:59:29.324,60.0,11,0,8,12,5.0,5.0
Deadlift,2024-09-03 14:01:50.051,110.0,11,1,8,12,5.0,5.0
Deadlift,2024-09-03 14:04:59.593,110.0,5,1,8,12,5.0,5.0
Deadlift,2024-09-03 14:08:35.136,110.0,6,1,8,12,5.0,5.0
Lat Pulldown,2024-09-04 08:49:30.904,45.0,12,0,8,14,5.0,5.0
Lat Pulldown,2024-09-04 08:50:32.255,50.0,12,0,8,14,5.0,5.0
Lat Pulldown,2024-09-04 08:53:25.260,60.0,10,1,8,14,5.0,5.0
Lat Pulldown,2024-09-04 08:56:10.391,60.0,12,1,8,14,5.0,5.0
Lat Pulldown,2024-09-04 08:58:14.593,60.0,9,1,8,14,5.0,5.0
Lat Pulldown,2024-09-04 08:59:45.501,50.0,10,2,8,14,5.0,5.0
Biceps Curl (Super Incline) ,2024-09-04 09:03:14.055,16.0,10,1,10,18,2.0,2.0
Biceps Curl (Super Incline) ,2024-09-04 09:06:58.334,16.0,10,1,10,18,2.0,2.0
Biceps Curl (Super Incline) ,2024-09-04 09:09:02.051,14.0,10,1,10,18,2.0,2.0
Biceps Curl (Super Incline) ,2024-09-04 09:11:02.725,14.0,10,1,10,18,2.0,2.0
Facepull,2024-09-04 09:13:16.724,30.0,10,0,10,15,2.5,2.5
Facepull,2024-09-04 09:14:59.963,40.0,13,1,10,15,2.5,2.5
Facepull,2024-09-04 09:17:53.836,40.0,13,1,10,15,2.5,2.5
Facepull,2024-09-04 09:18:56.133,40.0,12,1,10,15,2.5,2.5
Facepull,2024-09-04 09:20:38.676,40.0,10,1,10,15,2.5,2.5
Lat Raise (Dumbbell) ,2024-09-04 09:33:38.480,10.0,10,1,10,18,2.0,2.0
Lat Raise (Dumbbell) ,2024-09-04 09:35:22.670,10.0,6,1,10,18,2.0,2.0
Lat Raise (Dumbbell) ,2024-09-04 09:36:35.763,8.0,5,2,10,18,2.0,2.0
Ham Curls,2024-09-05 08:18:54.090,40.0,14,0,8,16,5.0,5.0
Ham Curls,2024-09-05 08:20:40.202,55.0,13,1,8,16,5.0,5.0
Ham Curls,2024-09-05 08:22:43.032,55.0,13,1,8,16,5.0,5.0
Ham Curls,2024-09-05 08:25:38.218,55.0,11,1,8,16,5.0,5.0
Lunges,2024-09-05 08:27:27.180,32.0,9,1,8,12,10.0,10.0
Lunges,2024-09-05 08:30:03.049,32.0,7,1,8,12,10.0,10.0
Lunges,2024-09-05 08:32:34.342,32.0,7,1,8,12,10.0,10.0
Squads,2024-09-05 08:40:01.247,50.0,9,0,8,12,5.0,5.0
Squads,2024-09-05 08:40:02.250,50.0,9,0,8,12,5.0,5.0
Squads,2024-09-05 08:40:08.249,95.0,10,1,8,12,5.0,5.0
Squads,2024-09-05 08:44:07.787,95.0,7,1,8,12,5.0,5.0
Squads,2024-09-05 08:47:34.383,90.0,6,2,8,12,5.0,5.0
Calf Raise,2024-09-05 08:53:05.093,80.0,20,1,15,30,5.0,5.0
Calf Raise,2024-09-05 09:00:11.401,80.0,18,1,15,30,5.0,5.0
Calf Raise,2024-09-05 09:00:12.410,80.0,16,1,15,30,5.0,5.0
Row machine,2024-09-06 08:23:38.268,40.0,10,0,11,16,5.0,5.0
Row machine,2024-09-06 08:24:47.622,50.0,16,1,11,16,5.0,5.0
Lat Pull Machine,2024-09-06 08:40:53.946,40.0,20,1,11,16,10.0,10.0
Lat Pull Machine,2024-09-06 08:42:32.317,80.0,17,1,11,16,10.0,10.0
Lat Pull Machine,2024-09-06 08:44:22.420,80.0,12,1,11,16,10.0,10.0
Lat Pull Machine,2024-09-06 08:50:18.686,80.0,12,1,11,16,10.0,10.0
Cable Curl,2024-09-06 09:00:59.601,20.0,10,0,10,15,2.5,2.5
Cable Curl,2024-09-06 09:02:53.946,20.0,13,1,10,15,2.5,2.5
Cable Curl,2024-09-06 09:10:29.469,20.0,10,1,10,15,2.5,2.5
Cable Curl,2024-09-06 09:10:29.930,20.0,10,1,10,15,2.5,2.5
Cable Curl,2024-09-06 09:10:30.457,20.0,10,1,10,15,2.5,2.5
Military Press,2024-09-06 09:13:11.188,20.0,13,1,10,15,5.0,5.0
Military Press,2024-09-06 09:16:45.004,20.0,13,1,10,15,5.0,5.0
Military Press,2024-09-06 09:16:45.300,20.0,13,1,10,15,5.0,5.0
Butterfly (ext),2024-09-06 09:21:31.404,60.0,17,1,10,16,5.0,5.0
Butterfly (ext),2024-09-06 09:23:28.168,60.0,10,1,10,16,5.0,5.0
Butterfly (ext),2024-09-06 09:26:13.563,60.0,8,1,10,16,5.0,5.0
Lat Press,2024-09-06 09:27:49.152,40.0,15,1,10,16,5.0,5.0
Lat Press,2024-09-06 09:29:54.728,40.0,10,1,10,16,5.0,5.0
Pull-ups (tight),2024-09-09 08:53:41.457,-70.0,12,1,8,16,7.0,7.0
Dips,2024-09-09 08:53:45.683,-70.0,12,1,8,16,7.0,7.0
Pull-ups (tight),2024-09-09 08:56:47.132,-70.0,7,1,8,16,7.0,7.0
Dips,2024-09-09 08:56:51.118,-70.0,7,1,8,16,7.0,7.0
Dips,2024-09-09 09:00:12.214,-70.0,6,1,8,16,7.0,7.0
Pull-ups (tight),2024-09-09 09:00:17.603,-70.0,6,1,8,16,7.0,7.0
Pull-ups (tight),2024-09-09 09:03:26.199,-70.0,7,2,8,16,7.0,7.0
Dips,2024-09-09 09:03:30.722,-70.0,7,1,8,16,7.0,7.0
Lat Raise (Dumbbell) ,2024-09-09 09:05:51.419,10.0,11,1,10,18,2.0,2.0
Lat Raise (Dumbbell) ,2024-09-09 09:09:09.942,10.0,8,1,10,18,2.0,2.0
Lat Raise (Dumbbell) ,2024-09-09 09:12:18.594,10.0,6,1,10,18,2.0,2.0
Deadlift,2024-09-09 09:14:36.220,60.0,10,0,8,12,5.0,5.0
Deadlift,2024-09-09 09:16:30.678,60.0,11,0,8,12,5.0,5.0
Deadlift,2024-09-09 09:22:15.954,110.0,12,1,8,12,5.0,5.0
Deadlift,2024-09-09 09:27:05.202,110.0,8,1,8,12,5.0,5.0
Deadlift,2024-09-09 09:32:10.773,110.0,6,1,8,12,5.0,5.0
Benchpress,2024-09-13 14:24:17.800,95.0,10,1,8,12,5.0,5.0
Benchpress,2024-09-13 14:27:34.301,95.0,6,1,8,12,5.0,5.0
Lat Pulldown,2024-09-13 14:41:14.575,60.0,12,1,8,14,5.0,5.0
Lat Pulldown,2024-09-13 14:41:18.475,60.0,14,1,8,14,5.0,5.0
Cable Flies,2024-09-13 14:56:47.866,12.5,12,1,10,15,5.0,5.0
Benchpress,2024-09-17 10:13:44.008,60.0,12,0,8,12,5.0,5.0
Benchpress,2024-09-17 10:13:46.001,60.0,8,0,8,12,5.0,5.0
Benchpress,2024-09-17 10:17:25.837,95.0,11,1,8,12,5.0,5.0
Benchpress,2024-09-17 10:20:51.057,95.0,6,1,8,12,5.0,5.0
Benchpress,2024-09-17 10:25:19.332,95.0,6,1,8,12,5.0,5.0
Benchpress,2024-09-17 10:27:50.681,90.0,6,2,8,12,5.0,5.0
Cable curl (stretch),2024-09-17 10:33:48.303,10.0,14,1,10,16,2.5,2.5
Cable curl (stretch),2024-09-17 10:38:43.958,10.0,14,1,10,16,2.5,2.5
Cable curl (stretch),2024-09-17 10:44:03.473,10.0,12,1,10,16,2.5,2.5
Cable curl (stretch),2024-09-17 10:47:34.243,10.0,12,1,10,16,2.5,2.5
Deadlift,2024-09-17 10:53:23.920,60.0,10,0,8,12,5.0,5.0
Deadlift,2024-09-17 10:57:31.672,60.0,10,0,8,12,5.0,5.0
Deadlift,2024-09-17 11:00:30.831,115.0,9,1,8,12,5.0,5.0
Deadlift,2024-09-17 11:04:43.564,115.0,7,1,8,12,5.0,5.0
Deadlift,2024-09-17 11:12:55.187,115.0,7,1,8,12,5.0,5.0
Lat Pulldown,2024-09-20 08:23:07.815,40.0,12,0,8,14,5.0,5.0
Lat Pulldown,2024-09-20 08:23:11.819,50.0,10,0,8,14,5.0,5.0
Lat Pulldown,2024-09-20 08:25:40.404,60.0,13,1,8,14,5.0,5.0
Lat Pulldown,2024-09-20 08:27:49.905,60.0,10,1,8,14,5.0,5.0
Lat Pulldown,2024-09-20 08:30:28.525,60.0,10,1,8,14,5.0,5.0
Lat Pulldown,2024-09-20 08:35:09.620,55.0,11,2,8,14,5.0,5.0
Benchpress,2024-09-20 08:38:27.390,60.0,11,0,8,12,5.0,5.0
Benchpress,2024-09-20 08:39:40.895,80.0,8,0,8,12,5.0,5.0
Benchpress,2024-09-20 08:47:32.918,100.0,7,1,8,12,5.0,5.0
Benchpress,2024-09-20 08:47:38.929,100.0,6,1,8,12,5.0,5.0
Benchpress,2024-09-20 08:51:04.136,80.0,9,2,8,12,5.0,5.0
Facepull,2024-09-20 08:53:51.956,40.0,16,1,10,15,2.5,2.5
Facepull,2024-09-20 08:55:53.534,40.0,14,1,10,15,2.5,2.5
Facepull,2024-09-20 08:58:20.568,40.0,12,1,10,15,2.5,2.5
Facepull,2024-09-20 09:00:47.892,40.0,10,1,10,15,2.5,2.5
Facepull,2024-09-20 09:03:36.608,40.0,10,1,10,15,2.5,2.5
Facepull,2024-09-20 09:03:37.595,40.0,10,1,10,15,2.5,2.5
Military Press,2024-09-20 09:06:14.176,20.0,13,1,10,15,5.0,5.0
Military Press,2024-09-20 09:08:09.563,20.0,12,1,10,15,5.0,5.0
Military Press,2024-09-20 09:11:42.354,20.0,12,1,10,15,5.0,5.0
Lat Pulldown,2024-09-26 08:57:59.592,40.0,13,0,8,14,5.0,5.0
Lat Pulldown,2024-09-26 08:58:06.388,50.0,11,0,8,14,5.0,5.0
Lat Pulldown,2024-09-26 09:00:37.670,60.0,14,1,8,14,5.0,5.0
Lat Pulldown,2024-09-26 09:02:54.591,60.0,10,1,8,14,5.0,5.0
Lat Pulldown,2024-09-26 09:06:05.212,60.0,10,1,8,14,5.0,5.0
Benchpress,2024-09-26 09:08:51.051,60.0,10,0,8,12,5.0,5.0
Benchpress,2024-09-26 09:11:12.135,60.0,10,0,8,12,5.0,5.0
Benchpress,2024-09-26 09:14:31.262,100.0,7,1,8,12,5.0,5.0
Benchpress,2024-09-26 09:18:23.101,100.0,5,1,8,12,5.0,5.0
Benchpress,2024-09-26 09:20:58.967,90.0,7,2,8,12,5.0,5.0
Lat Press,2024-09-26 09:28:23.455,40.0,11,1,10,16,5.0,5.0
Lat Press,2024-09-26 09:28:29.417,40.0,16,1,10,16,5.0,5.0
Lat Press,2024-09-26 09:30:14.699,40.0,9,1,10,16,5.0,5.0
Butterfly (ext),2024-09-26 09:31:51.915,60.0,17,1,10,16,5.0,5.0
Butterfly (ext),2024-09-26 09:34:24.997,60.0,10,1,10,16,5.0,5.0
Butterfly (ext),2024-09-26 09:37:45.887,60.0,11,1,10,16,5.0,5.0
Facepull,2024-09-26 09:47:57.216,40.0,16,1,10,15,2.5,2.5
Facepull,2024-09-26 09:50:26.549,45.0,11,1,10,15,2.5,2.5
Facepull,2024-09-26 09:52:29.974,45.0,10,1,10,15,2.5,2.5
Squads,2024-09-26 09:58:35.218,50.0,10,0,8,12,5.0,5.0
Squads,2024-09-26 10:00:00.843,95.0,11,1,8,12,5.0,5.0
Squads,2024-09-26 10:03:56.483,95.0,7,1,8,12,5.0,5.0
Benchpress,2024-10-01 08:38:26.308,60.0,10,0,8,12,5.0,5.0
Benchpress,2024-10-01 08:38:32.440,80.0,8,0,8,12,5.0,5.0
Benchpress,2024-10-01 08:42:15.448,100.0,8,1,8,12,5.0,5.0
Benchpress,2024-10-01 08:45:26.311,100.0,5,1,8,12,5.0,5.0
Benchpress,2024-10-01 08:49:34.948,90.0,7,2,8,12,5.0,5.0
Lat Raise (Dumbbell) ,2024-10-01 08:56:28.670,10.0,11,1,10,18,2.0,2.0
Lat Raise (Dumbbell) ,2024-10-01 09:01:04.438,10.0,7,1,10,18,2.0,2.0
Lat Raise (Dumbbell) ,2024-10-01 09:01:06.429,10.0,5,1,10,18,2.0,2.0
Deadlift,2024-10-01 09:03:59.383,60.0,10,0,8,12,5.0,5.0
Deadlift,2024-10-01 09:06:10.654,60.0,8,0,8,12,5.0,5.0
Deadlift,2024-10-01 09:10:53.760,115.0,9,1,8,12,5.0,5.0
Deadlift,2024-10-01 09:15:23.311,115.0,6,1,8,12,5.0,5.0
Deadlift,2024-10-01 09:20:38.244,115.0,6,1,8,12,5.0,5.0
Ham Curls,2024-10-02 09:12:41.447,30.0,18,0,8,16,5.0,5.0
Ham Curls,2024-10-02 09:14:16.235,55.0,14,1,8,16,5.0,5.0
Ham Curls,2024-10-02 09:18:47.002,55.0,9,1,8,16,5.0,5.0
Calf Raise,2024-10-02 09:23:19.117,80.0,24,1,15,30,5.0,5.0
Calf Raise,2024-10-02 09:25:21.772,80.0,20,1,15,30,5.0,5.0
Calf Raise,2024-10-02 09:29:25.642,80.0,20,1,15,30,5.0,5.0
Squads,2024-10-02 09:36:39.800,50.0,10,0,8,12,5.0,5.0
Squads,2024-10-02 09:40:06.846,95.0,11,1,8,12,5.0,5.0
Squads,2024-10-02 09:44:42.023,95.0,7,1,8,12,5.0,5.0
Squads,2024-10-02 09:48:56.797,95.0,6,1,8,12,5.0,5.0
Benchpress,2024-10-07 08:40:36.408,50.0,10,0,8,12,5.0,5.0
Benchpress,2024-10-07 08:42:22.128,50.0,10,0,8,12,5.0,5.0
Benchpress,2024-10-07 08:45:49.021,100.0,8,1,8,12,5.0,5.0
Benchpress,2024-10-07 08:48:43.969,100.0,6,1,8,12,5.0,5.0
Benchpress,2024-10-07 08:52:56.801,100.0,5,1,8,12,5.0,5.0
Benchpress,2024-10-07 08:55:56.198,90.0,7,2,8,12,5.0,5.0
Lat Raise (Dumbbell) ,2024-10-07 08:59:14.124,10.0,12,1,10,18,2.0,2.0
Lat Raise (Dumbbell) ,2024-10-07 09:01:28.095,10.0,6,1,10,18,2.0,2.0
Lat Raise (Dumbbell) ,2024-10-07 09:04:39.826,10.0,5,1,10,18,2.0,2.0
Deadlift,2024-10-07 09:06:53.071,60.0,10,0,8,12,5.0,5.0
Deadlift,2024-10-07 09:08:39.852,60.0,10,0,8,12,5.0,5.0
Deadlift,2024-10-07 09:13:45.540,120.0,8,1,8,12,5.0,5.0
Deadlift,2024-10-07 09:17:25.429,120.0,7,1,8,12,5.0,5.0
Deadlift,2024-10-07 09:22:28.188,120.0,5,1,8,12,5.0,5.0
Ham Curls,2024-10-08 08:27:09.902,30.0,18,0,8,16,5.0,5.0
Ham Curls,2024-10-08 08:29:15.620,55.0,15,1,8,16,5.0,5.0
Ham Curls,2024-10-08 08:31:32.381,55.0,12,1,8,16,5.0,5.0
Ham Curls,2024-10-08 08:33:52.802,55.0,11,1,8,16,5.0,5.0
Calf Raise,2024-10-08 08:38:17.823,90.0,22,1,15,30,5.0,5.0
Calf Raise,2024-10-08 08:40:43.689,90.0,18,1,15,30,5.0,5.0
Calf Raise,2024-10-08 08:43:17.480,90.0,17,1,15,30,5.0,5.0
Squads,2024-10-08 08:48:50.967,50.0,10,0,8,12,5.0,5.0
Squads,2024-10-08 08:52:54.054,50.0,11,0,8,12,5.0,5.0
Squads,2024-10-08 08:59:31.810,100.0,8,1,8,12,5.0,5.0
Squads,2024-10-08 09:03:57.770,100.0,7,1,8,12,5.0,5.0
Squads,2024-10-08 09:07:04.011,90.0,7,2,8,12,5.0,5.0
Cross-Arm Rear Delt,2024-10-09 08:12:59.296,7.0,10,0,10,16,2.5,2.5
Cross-Arm Rear Delt,2024-10-09 08:15:01.233,10.0,11,1,10,16,2.5,2.5
Cross-Arm Rear Delt,2024-10-09 08:19:20.469,10.0,9,1,10,16,2.5,2.5
Cross-Arm Rear Delt,2024-10-09 08:23:19.277,10.0,8,1,10,16,2.5,2.5
Lat Pulldown,2024-10-09 08:25:54.943,40.0,10,0,8,14,5.0,5.0
Lat Pulldown,2024-10-09 08:25:55.733,40.0,10,0,8,14,5.0,5.0
Lat Pulldown,2024-10-09 08:28:14.580,65.0,12,1,8,14,5.0,5.0
Lat Pulldown,2024-10-09 08:30:39.990,65.0,9,1,8,14,5.0,5.0
Lat Pulldown,2024-10-09 08:33:17.278,65.0,6,1,8,14,5.0,5.0
Lat Pulldown,2024-10-09 08:34:37.128,65.0,8,1,8,14,5.0,5.0
Lat Pulldown,2024-10-09 08:35:52.123,65.0,7,1,8,14,5.0,5.0
Facepull,2024-10-09 08:38:28.847,45.0,12,1,10,15,2.5,2.5
Facepull,2024-10-09 08:41:17.301,45.0,12,1,10,15,2.5,2.5
Facepull,2024-10-09 08:46:12.893,45.0,11,1,10,15,2.5,2.5
Facepull,2024-10-09 08:46:13.898,45.0,11,1,10,15,2.5,2.5
Lat Raise (Cable),2024-10-09 08:48:48.638,7.5,16,1,10,18,2.5,2.5
Lat Raise (Cable),2024-10-09 08:53:03.940,7.5,10,1,10,18,2.5,2.5
Lat Raise (Cable),2024-10-09 08:56:00.079,7.5,9,1,10,18,2.5,2.5
Benchpress,2024-10-10 08:19:57.388,60.0,10,0,8,12,5.0,5.0
Benchpress,2024-10-10 08:22:58.859,100.0,8,1,8,12,5.0,5.0
Benchpress,2024-10-10 08:27:17.977,100.0,6,1,8,12,5.0,5.0
Benchpress,2024-10-10 08:30:03.773,90.0,10,1,8,12,5.0,5.0
Cable curl (stretch),2024-10-10 08:34:32.161,10.0,15,1,10,16,2.5,2.5
Cable curl (stretch),2024-10-10 08:39:18.669,10.0,13,1,10,16,2.5,2.5
Cable curl (stretch),2024-10-10 08:41:37.874,10.0,12,1,10,16,2.5,2.5
Cable Curl,2024-10-10 08:51:39.641,20.0,16,1,10,15,2.5,2.5
Cable Curl,2024-10-10 08:54:08.704,20.0,12,1,10,15,2.5,2.5
Cable Curl,2024-10-10 08:57:50.735,20.0,12,1,10,15,2.5,2.5
Butterfly (ext),2024-10-10 08:59:19.408,65.0,12,1,10,16,5.0,5.0
Butterfly (ext),2024-10-10 09:01:55.725,65.0,10,1,10,16,5.0,5.0
Benchpress,2024-10-14 09:02:49.424,50.0,10,0,8,12,5.0,5.0
Benchpress,2024-10-14 09:02:49.902,50.0,10,0,8,12,5.0,5.0
Benchpress,2024-10-14 09:05:31.674,100.0,9,1,8,12,5.0,5.0
Benchpress,2024-10-14 09:08:34.766,100.0,6,1,8,12,5.0,5.0
Benchpress,2024-10-14 09:12:45.601,100.0,6,1,8,12,5.0,5.0
Benchpress,2024-10-14 09:16:26.604,90.0,6,2,8,12,5.0,5.0
Lat Raise (Dumbbell) ,2024-10-14 09:20:22.646,10.0,12,1,10,18,2.0,2.0
Lat Raise (Dumbbell) ,2024-10-14 09:22:44.898,10.0,6,1,10,18,2.0,2.0
Deadlift,2024-10-14 09:24:37.571,60.0,10,0,8,12,5.0,5.0
Lat Raise (Dumbbell) ,2024-10-14 09:26:55.454,10.0,6,1,10,18,2.0,2.0
Deadlift,2024-10-14 09:27:00.711,60.0,8,0,8,12,5.0,5.0
Deadlift,2024-10-14 09:33:38.754,120.0,9,1,8,12,5.0,5.0
Deadlift,2024-10-14 09:38:03.489,120.0,6,1,8,12,5.0,5.0
Deadlift,2024-10-14 09:42:31.114,120.0,5,1,8,12,5.0,5.0
Cross-Arm Rear Delt,2024-10-16 08:13:25.675,7.5,12,0,10,16,2.5,2.5
Cross-Arm Rear Delt,2024-10-16 08:16:06.541,10.0,12,1,10,16,2.5,2.5
Cross-Arm Rear Delt,2024-10-16 08:18:38.067,10.0,9,1,10,16,2.5,2.5
Cross-Arm Rear Delt,2024-10-16 08:21:24.466,10.0,9,1,10,16,2.5,2.5
Lat Pulldown,2024-10-16 08:24:42.657,40.0,10,0,8,14,5.0,5.0
Lat Pulldown,2024-10-16 08:24:45.660,50.0,10,0,8,14,5.0,5.0
Lat Pulldown,2024-10-16 08:27:52.869,65.0,14,1,8,14,5.0,5.0
Lat Pulldown,2024-10-16 08:31:17.046,65.0,9,1,8,14,5.0,5.0
Lat Pulldown,2024-10-16 08:32:35.593,65.0,8,1,8,14,5.0,5.0
Lat Pulldown,2024-10-16 08:34:58.886,65.0,8,1,8,14,5.0,5.0
Lat Pulldown,2024-10-16 08:38:04.646,60.0,8,2,8,14,5.0,5.0
Facepull,2024-10-16 08:39:27.732,45.0,15,1,10,15,2.5,2.5
Facepull,2024-10-16 08:41:26.939,45.0,11,1,10,15,2.5,2.5
Facepull,2024-10-16 08:43:46.410,45.0,10,1,10,15,2.5,2.5
Facepull,2024-10-16 08:46:52.405,45.0,12,1,10,15,2.5,2.5
Lat Raise (Cable),2024-10-16 08:50:31.982,10.0,8,1,10,18,2.5,2.5
Lat Raise (Cable),2024-10-16 08:52:42.428,10.0,7,1,10,18,2.5,2.5
Lat Raise (Cable),2024-10-16 08:57:01.665,10.0,7,1,10,18,2.5,2.5
Lat Raise (Cable),2024-10-16 08:57:02.225,10.0,7,1,10,18,2.5,2.5
Benchpress,2024-10-18 08:10:20.776,60.0,9,0,8,12,5.0,5.0
Benchpress,2024-10-18 08:14:03.204,100.0,9,1,8,12,5.0,5.0
Benchpress,2024-10-18 08:18:22.210,100.0,5,1,8,12,5.0,5.0
Benchpress,2024-10-18 08:22:53.366,90.0,7,2,8,12,5.0,5.0
Cable curl (stretch),2024-10-18 08:25:01.407,10.0,17,1,10,16,2.5,2.5
Cable curl (stretch),2024-10-18 08:27:32.805,10.0,13,1,10,16,2.5,2.5
Cable curl (stretch),2024-10-18 08:31:02.170,10.0,10,1,10,16,2.5,2.5
Cable Curl,2024-10-18 08:41:36.135,20.0,19,1,12,20,2.5,2.5
Cable Curl,2024-10-18 08:44:03.841,20.0,12,1,12,20,2.5,2.5
Cable Curl,2024-10-18 08:48:17.536,20.0,12,1,12,20,2.5,2.5
Butterfly (ext),2024-10-18 08:49:43.694,65.0,13,1,10,16,5.0,5.0
Butterfly (ext),2024-10-18 08:52:07.496,65.0,9,1,10,16,5.0,5.0
Butterfly (ext),2024-10-18 08:56:00.869,65.0,10,1,10,16,5.0,5.0
Benchpress,2024-10-21 08:11:22.623,60.0,9,0,8,12,5.0,5.0
Benchpress,2024-10-21 08:12:56.925,60.0,9,0,8,12,5.0,5.0
Benchpress,2024-10-21 08:16:48.802,100.0,10,1,8,12,5.0,5.0
Benchpress,2024-10-21 08:20:05.933,100.0,6,1,8,12,5.0,5.0
Benchpress,2024-10-21 08:23:57.207,100.0,6,1,8,12,5.0,5.0
Benchpress,2024-10-21 08:26:51.964,90.0,6,2,8,12,5.0,5.0
Lat Raise (Dumbbell) ,2024-10-21 08:29:43.924,10.0,13,1,10,18,2.0,2.0
Lat Raise (Dumbbell) ,2024-10-21 08:31:52.865,10.0,7,1,10,18,2.0,2.0
Lat Raise (Dumbbell) ,2024-10-21 08:36:36.338,10.0,7,1,10,18,2.0,2.0
Deadlift,2024-10-21 08:36:40.443,60.0,9,0,8,12,5.0,5.0
Deadlift,2024-10-21 08:36:41.448,60.0,9,0,8,12,5.0,5.0
Deadlift,2024-10-21 08:43:13.050,120.0,10,1,8,12,5.0,5.0
Deadlift,2024-10-21 08:48:13.460,120.0,7,1,8,12,5.0,5.0
Cross-Arm Rear Delt,2024-10-24 08:09:56.229,10.0,14,1,10,16,2.5,2.5
Cross-Arm Rear Delt,2024-10-24 08:13:05.372,10.0,11,1,10,16,2.5,2.5
Cross-Arm Rear Delt,2024-10-24 08:15:44.417,10.0,9,1,10,16,2.5,2.5
Cross-Arm Rear Delt,2024-10-24 08:17:37.363,7.5,10,2,10,16,2.5,2.5
Lat Pulldown,2024-10-24 08:20:09.356,40.0,10,0,8,14,5.0,5.0
Lat Pulldown,2024-10-24 08:20:14.347,50.0,10,0,8,14,5.0,5.0
Lat Pulldown,2024-10-24 08:22:56.324,70.0,9,1,8,14,5.0,5.0
Lat Pulldown,2024-10-24 08:25:18.704,70.0,9,1,8,14,5.0,5.0
Lat Pulldown,2024-10-24 08:27:22.838,70.0,8,1,8,14,5.0,5.0
Lat Pulldown,2024-10-24 08:30:05.347,60.0,9,2,8,14,5.0,5.0
Lat Pulldown,2024-10-24 08:30:51.146,60.0,8,2,8,14,5.0,5.0
Facepull,2024-10-24 08:33:42.003,45.0,15,1,10,15,2.5,2.5
Facepull,2024-10-24 08:35:43.804,45.0,11,1,10,15,2.5,2.5
Facepull,2024-10-24 08:37:32.965,45.0,10,1,10,15,2.5,2.5
Facepull,2024-10-24 08:39:28.477,45.0,10,1,10,15,2.5,2.5
Lat Raise (Cable),2024-10-24 08:41:52.646,10.0,9,1,10,18,2.5,2.5
Lat Raise (Cable),2024-10-24 08:49:40.182,10.0,9,1,10,18,2.5,2.5
Lat Raise (Cable),2024-10-24 08:49:40.478,10.0,9,1,10,18,2.5,2.5
Lat Raise (Cable),2024-10-24 08:49:51.192,7.5,9,2,10,18,2.5,2.5
Calf Raise,2024-10-24 08:54:29.248,90.0,23,1,15,30,5.0,5.0
Calf Raise,2024-10-24 08:56:49.318,90.0,18,1,15,30,5.0,5.0
Calf Raise,2024-10-24 08:59:29.397,90.0,17,1,15,30,5.0,5.0
Benchpress,2024-10-25 08:16:51.648,50.0,10,0,8,12,5.0,5.0
Benchpress,2024-10-25 08:22:25.353,100.0,10,1,8,12,5.0,5.0
Benchpress,2024-10-25 08:25:52.578,100.0,6,1,8,12,5.0,5.0
Cable curl (stretch),2024-10-25 08:32:55.976,12.5,13,1,10,16,2.5,2.5
Cable curl (stretch),2024-10-25 08:35:47.603,12.5,10,1,10,16,2.5,2.5
Cable curl (stretch),2024-10-25 08:38:44.530,12.5,8,1,10,16,2.5,2.5
Rope row,2024-10-25 08:52:11.972,37.5,10,1,10,16,2.5,2.5
Rope row,2024-10-25 08:53:10.859,37.5,12,1,10,16,2.5,2.5
Rope row,2024-10-25 08:54:33.924,40.0,10,1,10,16,2.5,2.5
Butterfly (ext),2024-10-25 09:09:01.434,65.0,14,1,10,16,5.0,5.0
Butterfly (ext),2024-10-25 09:11:55.162,65.0,10,1,10,16,5.0,5.0
Butterfly (ext),2024-10-25 09:15:31.371,65.0,9,1,10,16,5.0,5.0
Benchpress,2024-10-28 08:09:34.373,60.0,10,0,8,12,5.0,5.0
Benchpress,2024-10-28 08:09:35.443,60.0,10,0,8,12,5.0,5.0
Benchpress,2024-10-28 08:12:59.385,100.0,11,1,8,12,5.0,5.0
Benchpress,2024-10-28 08:15:55.465,100.0,6,1,8,12,5.0,5.0
Benchpress,2024-10-28 08:19:42.574,100.0,6,1,8,12,5.0,5.0
Lat Raise (Dumbbell) ,2024-10-28 08:25:08.391,10.0,13,1,10,18,2.0,2.0
Lat Raise (Dumbbell) ,2024-10-28 08:28:02.593,10.0,8,1,10,18,2.0,2.0
Lat Raise (Dumbbell) ,2024-10-28 08:31:32.803,10.0,8,1,10,18,2.0,2.0
Bicep Curls,2024-10-28 08:32:35.121,14.0,10,1,10,15,2.0,2.0
Bicep Curls,2024-10-28 08:34:21.252,14.0,8,1,10,15,2.0,2.0
Bicep Curls,2024-10-28 08:37:14.732,14.0,7,1,10,15,2.0,2.0
Deadlift,2024-10-28 08:38:47.759,60.0,10,0,8,12,5.0,5.0
Deadlift,2024-10-28 08:43:34.053,60.0,10,0,8,12,5.0,5.0
Deadlift,2024-10-28 08:47:57.781,120.0,10,1,8,12,5.0,5.0
Deadlift,2024-10-28 08:52:33.518,120.0,7,1,8,12,5.0,5.0
Deadlift,2024-10-28 08:57:05.464,120.0,4,1,8,12,5.0,5.0
Horse Kickback,2024-10-29 08:19:14.522,10.0,20,0,10,20,2.5,2.5
Horse Kickback,2024-10-29 08:21:03.146,15.0,15,1,10,20,2.5,2.5
Horse Kickback,2024-10-29 08:23:13.360,15.0,13,1,10,20,2.5,2.5
Horse Kickback,2024-10-29 08:25:03.009,15.0,10,1,10,20,2.5,2.5
Side Hip,2024-10-29 08:35:42.526,5.0,10,1,10,15,2.5,2.5
Side Hip,2024-10-29 08:37:30.012,5.0,15,1,10,15,2.5,2.5
Side Hip,2024-10-29 08:41:50.091,7.5,12,1,10,15,2.5,2.5
Calf Raise,2024-10-29 08:49:36.001,90.0,24,1,15,30,5.0,5.0
Calf Raise,2024-10-29 08:52:08.383,90.0,19,1,15,30,5.0,5.0
Calf Raise,2024-10-29 08:57:50.093,90.0,17,1,15,30,5.0,5.0
Squads,2024-10-29 08:59:41.023,20.0,10,0,8,12,5.0,5.0
Squads,2024-10-29 09:07:39.658,20.0,10,0,8,12,5.0,5.0
Squads,2024-10-29 09:07:46.659,60.0,10,0,8,12,5.0,5.0
Squads,2024-10-29 09:11:03.395,60.0,7,0,8,12,5.0,5.0
Benchpress,2024-11-01 08:17:59.726,60.0,10,0,8,12,5.0,5.0
Benchpress,2024-11-01 08:22:04.120,100.0,11,1,8,12,5.0,5.0
Benchpress,2024-11-01 08:25:42.131,100.0,6,1,8,12,5.0,5.0
Benchpress,2024-11-01 08:29:50.059,100.0,6,1,8,12,5.0,5.0
Cross-Arm Rear Delt,2024-11-01 08:32:24.519,10.0,14,1,10,16,2.5,2.5
Cross-Arm Rear Delt,2024-11-01 08:34:41.971,10.0,9,1,10,16,2.5,2.5
Cross-Arm Rear Delt,2024-11-01 08:36:55.792,10.0,8,1,10,16,2.5,2.5
Cross-Arm Rear Delt,2024-11-01 08:39:02.515,7.5,9,2,10,16,2.5,2.5
Lat Pulldown,2024-11-01 08:41:28.587,40.0,10,0,8,14,5.0,5.0
Lat Pulldown,2024-11-01 08:45:48.107,70.0,10,1,8,14,5.0,5.0
Lat Pulldown,2024-11-01 08:46:56.020,70.0,8,1,8,14,5.0,5.0
Lat Pulldown,2024-11-01 08:49:37.145,70.0,6,1,8,14,5.0,5.0
Facepull,2024-11-01 08:52:37.601,45.0,15,1,10,15,2.5,2.5
Facepull,2024-11-01 08:54:09.558,45.0,12,1,10,15,2.5,2.5
Facepull,2024-11-01 08:56:22.909,45.0,9,1,10,15,2.5,2.5
Rope row,2024-11-01 09:05:30.283,40.0,15,1,10,16,2.5,2.5
Rope row,2024-11-01 09:07:29.821,40.0,12,1,10,16,2.5,2.5
Rope row,2024-11-01 09:11:27.679,40.0,12,1,10,16,2.5,2.5
Rope row,2024-11-01 09:11:28.665,40.0,12,1,10,16,2.5,2.5
Lat Raise (Dumbbell) ,2024-11-01 09:13:51.794,10.0,13,1,10,18,2.0,2.0
Lat Raise (Dumbbell) ,2024-11-01 09:17:12.664,10.0,8,1,10,18,2.0,2.0
Butterfly (ext),2024-11-01 09:33:37.205,65.0,14,1,10,16,5.0,5.0
Benchpress,2024-11-05 08:06:18.650,60.0,10,0,8,12,5.0,5.0
Benchpress,2024-11-05 08:08:00.707,60.0,10,0,8,12,5.0,5.0
Benchpress,2024-11-05 08:12:09.440,100.0,10,1,8,12,5.0,5.0
Benchpress,2024-11-05 08:15:41.312,100.0,6,1,8,12,5.0,5.0
Lat Raise (Dumbbell) ,2024-11-05 08:25:37.726,10.0,13,1,10,18,2.0,2.0
Bicep Curls,2024-11-05 08:28:33.065,14.0,10,1,10,15,2.0,2.0
Lat Raise (Dumbbell) ,2024-11-05 08:28:37.810,10.0,6,1,10,18,2.0,2.0
Lat Raise (Dumbbell) ,2024-11-05 08:30:09.649,10.0,7,1,10,18,2.0,2.0
Bicep Curls,2024-11-05 08:31:16.724,14.0,8,1,10,15,2.0,2.0
Bicep Curls,2024-11-05 08:33:35.106,14.0,8,1,10,15,2.0,2.0
Deadlift,2024-11-05 08:36:46.363,60.0,10,0,8,12,5.0,5.0
Deadlift,2024-11-05 08:36:47.367,60.0,10,0,8,12,5.0,5.0
Deadlift,2024-11-05 08:41:00.454,120.0,10,1,8,12,5.0,5.0
Deadlift,2024-11-05 08:45:00.146,120.0,7,1,8,12,5.0,5.0
Deadlift,2024-11-05 08:49:43.044,120.0,6,1,8,12,5.0,5.0
Horse Kickback,2024-11-06 08:06:47.237,15.0,17,0,10,20,2.5,2.5
Horse Kickback,2024-11-06 08:08:01.182,20.0,10,1,10,20,2.5,2.5
Side Hip,2024-11-06 08:09:15.598,7.5,15,1,10,15,2.5,2.5
Horse Kickback,2024-11-06 08:10:20.889,20.0,10,1,10,20,2.5,2.5
Side Hip,2024-11-06 08:12:00.138,10.0,10,1,10,15,2.5,2.5
Horse Kickback,2024-11-06 08:13:38.697,20.0,9,1,10,20,2.5,2.5
Side Hip,2024-11-06 08:14:38.863,10.0,10,1,10,15,2.5,2.5
Calf Raise,2024-11-06 08:31:48.382,90.0,24,1,15,30,5.0,5.0
Calf Raise,2024-11-06 08:37:11.661,90.0,22,1,15,30,5.0,5.0
Calf Raise,2024-11-06 08:46:36.410,90.0,20,1,15,30,5.0,5.0
Squads,2024-11-06 08:46:44.440,60.0,10,0,8,12,5.0,5.0
Squads,2024-11-06 08:46:45.164,60.0,10,0,8,12,5.0,5.0
Squads,2024-11-06 08:51:58.514,100.0,8,1,8,12,5.0,5.0
Squads,2024-11-06 08:57:26.507,100.0,7,1,8,12,5.0,5.0
Cross-Arm Rear Delt,2024-11-07 08:08:58.860,5.0,10,0,10,16,2.5,2.5
Cross-Arm Rear Delt,2024-11-07 08:11:06.658,10.0,14,1,10,16,2.5,2.5
Cross-Arm Rear Delt,2024-11-07 08:13:24.445,10.0,8,1,10,16,2.5,2.5
Cross-Arm Rear Delt,2024-11-07 08:15:45.608,10.0,7,1,10,16,2.5,2.5
Lat Pulldown,2024-11-07 08:18:32.894,50.0,10,0,8,14,5.0,5.0
Lat Pulldown,2024-11-07 08:21:02.813,70.0,11,1,8,14,5.0,5.0
Lat Pulldown,2024-11-07 08:23:41.201,70.0,7,1,8,14,5.0,5.0
Lat Pulldown,2024-11-07 08:26:15.307,70.0,7,1,8,14,5.0,5.0
Lat Pulldown,2024-11-07 08:28:41.891,70.0,6,1,8,14,5.0,5.0
Lat Pulldown,2024-11-07 08:30:48.534,60.0,8,2,8,14,5.0,5.0
Facepull,2024-11-07 08:35:14.180,45.0,15,1,10,15,2.5,2.5
Facepull,2024-11-07 08:35:20.184,45.0,10,1,10,15,2.5,2.5
Facepull,2024-11-07 08:36:22.757,45.0,9,1,10,15,2.5,2.5
Facepull,2024-11-07 08:38:34.299,45.0,9,1,10,15,2.5,2.5
Lat Raise (Cable),2024-11-07 08:40:08.962,10.0,10,1,10,18,2.5,2.5
Lat Raise (Cable),2024-11-07 08:42:56.386,10.0,8,1,10,18,2.5,2.5
Rope row,2024-11-07 08:53:21.341,40.0,18,1,10,16,2.5,2.5
Rope row,2024-11-07 08:57:14.864,45.0,15,1,10,16,2.5,2.5
Rope row,2024-11-07 09:00:50.144,45.0,10,1,10,16,2.5,2.5
Rope row,2024-11-07 09:00:50.160,45.0,10,1,10,16,2.5,2.5
Benchpress,2024-11-11 08:18:19.554,60.0,10,0,8,12,5.0,5.0
Benchpress,2024-11-11 08:18:20.460,60.0,10,0,8,12,5.0,5.0
Benchpress,2024-11-11 08:21:42.464,100.0,10,1,8,12,5.0,5.0
Benchpress,2024-11-11 08:24:38.342,100.0,5,1,8,12,5.0,5.0
Benchpress,2024-11-11 08:28:40.568,100.0,5,1,8,12,5.0,5.0
Deadlift,2024-11-11 08:42:08.294,60.0,10,0,8,12,5.0,5.0
Deadlift,2024-11-11 08:44:15.431,60.0,10,0,8,12,5.0,5.0
Deadlift,2024-11-11 08:49:52.027,120.0,11,1,8,12,5.0,5.0
Deadlift,2024-11-11 08:55:39.689,120.0,7,1,8,12,5.0,5.0
Deadlift,2024-11-11 09:01:08.595,120.0,6,1,8,12,5.0,5.0
Dips,2024-11-12 08:46:33.225,-70.0,12,1,8,16,7.0,7.0
Dips,2024-11-12 08:47:56.472,-70.0,7,1,8,16,7.0,7.0
Bicep Curls,2024-11-12 09:18:34.361,14.0,14,1,10,15,2.0,2.0
Bicep Curls,2024-11-12 09:22:58.320,14.0,7,1,10,15,2.0,2.0
Bicep Curls,2024-11-12 09:22:58.370,14.0,7,1,10,15,2.0,2.0
Ham Curls,2024-11-13 08:05:28.282,40.0,18,0,8,16,5.0,5.0
Ham Curls,2024-11-13 08:07:56.142,55.0,16,1,8,16,5.0,5.0
Ham Curls,2024-11-13 08:10:53.364,55.0,10,1,8,16,5.0,5.0
Ham Curls,2024-11-13 08:12:09.102,55.0,10,1,8,16,5.0,5.0
Hip Thrust,2024-11-13 08:15:20.469,20.0,18,1,10,30,5.0,5.0
Hip Thrust,2024-11-13 08:17:50.163,20.0,13,1,10,30,10.0,10.0
Hip Thrust,2024-11-13 08:20:38.801,20.0,12,1,10,30,10.0,10.0
Hip Thrust,2024-11-13 08:24:21.247,20.0,12,1,10,30,10.0,10.0
Side Hip,2024-11-13 08:26:30.901,10.0,11,1,10,15,2.5,2.5
Side Hip,2024-11-13 08:29:21.398,10.0,10,1,10,15,2.5,2.5
Side Hip,2024-11-13 08:32:37.199,10.0,9,1,10,15,2.5,2.5
Calf Raise,2024-11-13 08:38:34.523,90.0,26,1,15,30,5.0,5.0
Calf Raise,2024-11-13 08:41:35.111,90.0,19,1,15,30,5.0,5.0
Calf Raise,2024-11-13 08:51:23.779,90.0,18,1,15,30,5.0,5.0
Squads,2024-11-13 08:51:50.107,50.0,10,0,8,12,5.0,5.0
Squads,2024-11-13 08:51:50.355,50.0,10,0,8,12,5.0,5.0
Squads,2024-11-13 09:01:56.681,100.0,10,1,8,12,5.0,5.0
Squads,2024-11-13 09:05:44.825,100.0,6,1,8,12,5.0,5.0
Squads,2024-11-13 09:09:08.227,90.0,7,2,8,12,5.0,5.0
Cross-Arm Rear Delt,2024-11-14 08:10:55.540,5.0,10,0,10,16,2.5,2.5
Cross-Arm Rear Delt,2024-11-14 08:13:38.799,10.0,14,1,10,16,2.5,2.5
Cross-Arm Rear Delt,2024-11-14 08:16:16.628,10.0,8,1,10,16,2.5,2.5
Cross-Arm Rear Delt,2024-11-14 08:21:33.178,10.0,8,1,10,16,2.5,2.5
Lat Pulldown,2024-11-14 08:23:12.036,35.0,10,0,8,14,5.0,5.0
Lat Pulldown,2024-11-14 08:23:12.578,35.0,10,0,8,14,5.0,5.0
Lat Pulldown,2024-11-14 08:25:39.214,70.0,12,1,8,14,5.0,5.0
Lat Pulldown,2024-11-14 08:28:35.110,70.0,7,1,8,14,5.0,5.0
Lat Pulldown,2024-11-14 08:30:53.951,70.0,7,1,8,14,5.0,5.0
Lat Pulldown,2024-11-14 08:33:20.754,70.0,7,1,8,14,5.0,5.0
Lat Pulldown,2024-11-14 08:35:37.967,70.0,7,1,8,14,5.0,5.0
Rope row,2024-11-14 08:39:01.776,45.0,15,1,10,16,2.5,2.5
Rope row,2024-11-14 08:41:04.648,45.0,11,1,10,16,2.5,2.5
Rope row,2024-11-14 08:43:36.772,45.0,11,1,10,16,2.5,2.5
Rope row,2024-11-14 08:45:50.954,45.0,9,1,10,16,2.5,2.5
Rope row,2024-11-14 08:48:40.386,45.0,9,1,10,16,2.5,2.5
Lat Raise (Cable),2024-11-14 08:51:18.287,10.0,10,1,10,18,2.5,2.5
Lat Raise (Cable),2024-11-14 08:56:46.762,10.0,8,1,10,18,2.5,2.5
Lat Raise (Cable),2024-11-14 09:01:34.369,10.0,8,1,10,18,2.5,2.5
Lat Raise (Cable),2024-11-14 09:01:41.102,7.0,8,2,10,18,2.5,2.5
Benchpress,2024-11-18 08:11:40.490,60.0,10,0,8,12,5.0,5.0
Benchpress,2024-11-18 08:11:40.589,60.0,10,0,8,12,5.0,5.0
Benchpress,2024-11-18 08:16:18.248,100.0,11,1,8,12,5.0,5.0
Benchpress,2024-11-18 08:19:51.016,100.0,6,1,8,12,5.0,5.0
Benchpress,2024-11-18 08:23:58.449,100.0,5,1,8,12,5.0,5.0
Deadlift,2024-11-18 08:31:57.346,60.0,8,0,8,12,5.0,5.0
Deadlift,2024-11-18 08:35:02.685,60.0,8,0,8,12,5.0,5.0
Deadlift,2024-11-18 08:41:59.507,120.0,11,1,8,12,5.0,5.0
Deadlift,2024-11-18 08:46:45.391,120.0,7,1,8,12,5.0,5.0
Deadlift,2024-11-18 08:58:47.263,120.0,7,1,8,12,5.0,5.0
Biceps Curl (Incline) ,2024-11-19 08:09:52.051,16.0,14,1,10,18,2.0,2.0
Biceps Curl (Incline) ,2024-11-19 08:12:35.982,16.0,9,1,10,18,2.0,2.0
Biceps Curl (Incline) ,2024-11-19 08:15:33.148,16.0,7,1,10,18,2.0,2.0
Biceps Curl (Incline) ,2024-11-19 08:19:08.042,16.0,8,1,10,18,2.0,2.0
Biceps Curl (Incline) ,2024-11-19 08:22:04.667,16.0,8,1,10,18,2.0,2.0
Biceps Curl (Incline) ,2024-11-19 08:25:19.029,16.0,8,1,10,18,2.0,2.0
Cross-Arm Rear Delt,2024-11-21 08:14:24.530,5.0,10,0,10,16,2.5,2.5
Cross-Arm Rear Delt,2024-11-21 08:16:56.026,10.0,15,1,10,16,2.5,2.5
Cross-Arm Rear Delt,2024-11-21 08:19:33.199,10.0,9,1,10,16,2.5,2.5
Cross-Arm Rear Delt,2024-11-21 08:23:06.136,10.0,8,1,10,16,2.5,2.5
Cross-Arm Rear Delt,2024-11-21 08:23:10.136,7.0,8,2,10,16,2.5,2.5
Lat Pulldown,2024-11-21 08:26:07.945,35.0,14,0,8,14,5.0,5.0
Lat Pulldown,2024-11-21 08:26:16.926,50.0,8,0,8,14,5.0,5.0
Lat Pulldown,2024-11-21 08:29:08.811,70.0,13,1,8,14,5.0,5.0
Lat Pulldown,2024-11-21 08:31:39.202,70.0,10,1,8,14,5.0,5.0
Lat Pulldown,2024-11-21 08:34:20.931,70.0,9,1,8,14,5.0,5.0
Lat Pulldown,2024-11-21 08:37:26.632,70.0,9,1,8,14,5.0,5.0
Lat Pulldown,2024-11-21 08:39:27.944,60.0,9,2,8,14,5.0,5.0
Rope row,2024-11-21 08:41:45.360,45.0,15,1,10,16,2.5,2.5
Rope row,2024-11-21 08:44:39.169,45.0,13,1,10,16,2.5,2.5
Rope row,2024-11-21 08:47:21.127,45.0,10,1,10,16,2.5,2.5
Rope row,2024-11-21 08:50:44.202,45.0,10,1,10,16,2.5,2.5
Lat Raise (Cable),2024-11-21 08:52:39.488,10.0,11,1,10,18,2.5,2.5
Lat Raise (Cable),2024-11-21 08:56:36.556,10.0,10,1,10,18,2.5,2.5
Lat Raise (Cable),2024-11-21 09:05:07.147,10.0,9,1,10,18,2.5,2.5
Squads,2024-11-21 09:10:28.264,50.0,10,0,8,12,5.0,5.0
Squads,2024-11-21 09:10:28.412,50.0,10,0,8,12,5.0,5.0
Squads,2024-11-21 09:15:42.259,100.0,10,1,8,12,5.0,5.0
Squads,2024-11-21 09:18:45.463,100.0,10,1,8,12,5.0,5.0
Benchpress,2024-12-02 08:11:16.564,60.0,10,0,8,12,5.0,5.0
Benchpress,2024-12-02 08:25:32.272,100.0,9,1,8,12,5.0,5.0
Benchpress,2024-12-02 08:25:35.483,100.0,5,1,8,12,5.0,5.0
Benchpress,2024-12-02 08:25:36.273,100.0,5,1,8,12,5.0,5.0
Benchpress,2024-12-02 08:25:41.279,90.0,5,1,8,12,5.0,5.0
Lat Raise (Dumbbell) ,2024-12-02 08:25:48.854,10.0,12,1,10,18,2.0,2.0
Lat Raise (Dumbbell) ,2024-12-02 08:27:56.389,10.0,8,1,10,18,2.0,2.0
Lat Raise (Dumbbell) ,2024-12-02 08:31:41.248,10.0,6,1,10,18,2.0,2.0
Deadlift,2024-12-02 08:32:50.548,60.0,10,0,8,12,5.0,5.0
Deadlift,2024-12-02 08:36:12.376,60.0,10,0,8,12,5.0,5.0
Deadlift,2024-12-02 08:39:59.946,120.0,9,1,8,12,5.0,5.0
Deadlift,2024-12-02 08:43:56.044,120.0,6,1,8,12,5.0,5.0
Deadlift,2024-12-02 08:48:04.574,120.0,6,1,8,12,5.0,5.0
Preacher Curl,2024-12-03 08:13:39.484,20.0,10,0,10,16,2.0,2.0
Preacher Curl,2024-12-03 08:13:39.833,20.0,10,0,10,16,2.0,2.0
Preacher Curl,2024-12-03 08:15:56.468,25.0,15,1,10,16,2.0,2.0
Preacher Curl,2024-12-03 08:19:04.366,25.0,11,1,10,16,2.0,2.0
Preacher Curl,2024-12-03 08:22:42.692,25.0,9,1,10,16,2.0,2.0
Preacher Curl,2024-12-03 08:26:59.180,25.0,9,1,10,16,2.0,2.0
Biceps Curl (Incline) ,2024-12-03 08:42:34.198,16.0,10,0,10,18,2.0,2.0
Biceps Curl (Incline) ,2024-12-03 08:43:45.608,16.0,7,0,10,18,2.0,2.0
Biceps Curl (Incline) ,2024-12-03 08:47:01.211,16.0,7,2,10,18,2.0,2.0
Biceps Curl (Incline) ,2024-12-03 08:47:03.218,16.0,7,2,10,18,2.0,2.0
Biceps Curl (Incline) ,2024-12-03 10:47:48.017,16.0,14,1,10,18,2.0,2.0
Hip Thrust,2024-12-04 08:08:53.609,20.0,19,1,10,30,10.0,10.0
Hip Thrust,2024-12-04 08:11:43.558,20.0,14,1,10,30,10.0,10.0
Hip Thrust,2024-12-04 08:14:02.373,20.0,13,1,10,30,10.0,10.0
Hip Thrust,2024-12-04 08:17:51.819,20.0,12,1,10,30,10.0,10.0
Side Hip,2024-12-04 08:20:17.862,10.0,12,1,10,15,2.5,2.5
Side Hip,2024-12-04 08:26:00.356,10.0,11,1,10,15,2.5,2.5
Side Hip,2024-12-04 08:28:21.244,10.0,10,1,10,15,2.5,2.5
Calf Raise,2024-12-04 08:33:13.962,90.0,25,1,15,30,5.0,5.0
Calf Raise,2024-12-04 08:35:48.004,90.0,15,1,15,30,5.0,5.0
Calf Raise,2024-12-04 08:38:45.093,90.0,16,1,15,30,5.0,5.0
Squads,2024-12-04 08:46:00.066,20.0,10,0,8,12,5.0,5.0
Squads,2024-12-04 08:46:06.208,60.0,10,0,8,12,5.0,5.0
Squads,2024-12-04 08:54:57.595,100.0,10,1,8,12,5.0,5.0
Squads,2024-12-04 08:54:59.590,100.0,7,1,8,12,5.0,5.0
Cross-Arm Rear Delt,2024-12-05 08:08:12.205,5.0,13,0,10,16,2.5,2.5
Cross-Arm Rear Delt,2024-12-05 08:11:44.825,10.0,13,1,10,16,2.5,2.5
Cross-Arm Rear Delt,2024-12-05 08:13:01.729,7.5,8,1,10,16,2.5,2.5
Cross-Arm Rear Delt,2024-12-05 08:16:52.611,10.0,7,1,10,16,2.5,2.5
Lat Pulldown,2024-12-05 08:18:41.567,35.0,10,0,8,14,5.0,5.0
Lat Pulldown,2024-12-05 08:18:41.616,35.0,10,0,8,14,5.0,5.0
Lat Pulldown,2024-12-05 08:22:56.066,70.0,13,1,8,14,5.0,5.0
Lat Pulldown,2024-12-05 08:25:22.989,70.0,8,1,8,14,5.0,5.0
Lat Pulldown,2024-12-05 08:28:10.949,70.0,7,1,8,14,5.0,5.0
Lat Pulldown,2024-12-05 08:30:51.769,70.0,7,1,8,14,5.0,5.0
Lat Pulldown,2024-12-05 08:33:13.789,60.0,9,2,8,14,5.0,5.0
Lat Raise (Cable),2024-12-05 08:36:21.587,10.0,11,1,10,18,2.5,2.5
Lat Raise (Cable),2024-12-05 08:41:04.976,10.0,8,1,10,18,2.5,2.5
Lat Raise (Cable),2024-12-05 08:43:07.012,10.0,6,1,10,18,2.5,2.5
Rope row,2024-12-05 08:44:33.358,45.0,16,1,10,16,2.5,2.5
Rope row,2024-12-05 08:46:48.997,45.0,9,1,10,16,2.5,2.5
Rope row,2024-12-05 08:48:45.552,45.0,8,1,10,16,2.5,2.5
Rope row,2024-12-05 08:51:12.719,45.0,8,1,10,16,2.5,2.5
Benchpress,2024-12-06 08:34:03.544,100.0,10,1,8,12,5.0,
Benchpress,2024-12-06 08:34:06.561,100.0,10,1,8,12,5.0,
Preacher Curl,2024-12-06 08:38:49.496,25.0,15,1,10,16,2.0,
Benchpress,2024-12-06 08:42:22.210,100.0,9,1,8,12,5.0,
Preacher Curl,2024-12-06 08:44:51.858,25.0,9,1,10,16,2.0,
Preacher Curl,2024-12-06 08:44:52.849,25.0,8,1,10,16,2.0,
Preacher Curl,2024-12-06 08:47:11.926,25.0,7,1,10,16,2.0,
Butterfly (ext),2024-12-06 08:49:20.827,65.0,15,1,10,16,5.0,
Butterfly (ext),2024-12-06 08:52:24.641,65.0,10,1,10,16,5.0,
Butterfly (ext),2024-12-06 08:55:10.226,65.0,8,1,10,16,5.0,
Butterfly (ext),2024-12-06 08:57:40.774,65.0,8,1,10,16,5.0,
Chest Press,2024-12-10 08:11:16.801,40.0,15,0,8,14,10.0,
Chest Press,2024-12-10 08:14:12.756,40.0,12,0,8,14,10.0,
Chest Press,2024-12-10 08:15:52.511,80.0,12,1,8,14,10.0,
Chest Press,2024-12-10 08:18:16.471,80.0,7,1,8,14,10.0,
Chest Press,2024-12-10 08:20:44.332,80.0,7,1,8,14,10.0,
Deadlift,2024-12-10 08:32:24.833,60.0,10,0,8,12,5.0,
Deadlift,2024-12-10 08:35:56.850,60.0,10,0,8,12,5.0,
Deadlift,2024-12-10 08:39:14.103,120.0,11,1,8,12,5.0,
Deadlift,2024-12-10 08:43:45.425,120.0,6,1,8,12,5.0,
Deadlift,2024-12-10 08:47:16.999,120.0,6,1,8,12,5.0,
Cross-Arm Rear Delt,2024-12-12 08:10:06.901,10.0,14,1,10,16,2.5,
Cross-Arm Rear Delt,2024-12-12 08:12:12.374,10.0,8,1,10,16,2.5,
Cross-Arm Rear Delt,2024-12-12 08:14:13.781,10.0,6,1,10,16,2.5,
Cross-Arm Rear Delt,2024-12-12 08:17:15.032,7.5,8,2,10,16,2.5,
Lat Pulldown,2024-12-12 08:20:25.678,50.0,10,0,8,14,5.0,
Lat Pulldown,2024-12-12 08:20:26.351,50.0,10,0,8,14,5.0,
Lat Pulldown,2024-12-12 08:23:36.742,70.0,13,1,8,14,5.0,
Lat Pulldown,2024-12-12 08:25:29.698,70.0,8,1,8,14,5.0,
Lat Pulldown,2024-12-12 08:27:47.355,70.0,8,1,8,14,5.0,
Lat Pulldown,2024-12-12 08:30:10.648,70.0,7,1,8,14,5.0,
Squads,2024-12-12 08:38:01.454,50.0,10,0,8,12,5.0,
Squads,2024-12-12 08:38:02.444,50.0,10,0,8,12,5.0,
Squads,2024-12-12 08:41:14.705,100.0,10,1,8,12,5.0,
Squads,2024-12-12 08:45:22.384,100.0,7,1,8,12,5.0,
Squads,2024-12-12 08:53:35.015,100.0,7,1,8,12,5.0,
Rope row,2024-12-12 08:55:18.393,45.0,16,1,10,16,2.5,
Rope row,2024-12-12 08:57:14.695,45.0,10,1,10,16,2.5,
Rope row,2024-12-12 09:00:50.308,45.0,9,1,10,16,2.5,
Rope row,2024-12-12 09:03:14.988,45.0,8,1,10,16,2.5,
Lat Raise (Cable),2024-12-12 09:05:24.270,10.0,11,1,10,18,2.5,
Lat Raise (Cable),2024-12-12 09:12:02.210,10.0,8,1,10,18,2.5,
Lat Raise (Cable),2024-12-12 09:12:03.201,10.0,7,1,10,18,2.5,
Benchpress,2024-12-13 08:09:03.585,60.0,10,0,8,12,5.0,
Benchpress,2024-12-13 08:11:28.624,60.0,10,0,8,12,5.0,
Benchpress,2024-12-13 08:14:47.028,100.0,10,1,8,12,5.0,
Benchpress,2024-12-13 08:21:12.570,100.0,6,1,8,12,5.0,
Preacher Curl,2024-12-13 08:23:50.119,25.0,16,1,10,16,2.0,
Preacher Curl,2024-12-13 08:26:55.940,25.0,10,1,10,16,2.0,
Preacher Curl,2024-12-13 08:28:59.261,25.0,8,1,10,16,2.0,
Preacher Curl,2024-12-13 08:31:24.558,25.0,7,1,10,16,2.0,
Butterfly (ext),2024-12-13 08:36:16.934,65.0,16,1,10,16,5.0,
Butterfly (ext),2024-12-13 08:38:54.077,65.0,10,1,10,16,5.0,
Butterfly (ext),2024-12-13 08:41:10.484,65.0,8,1,10,16,5.0,
Butterfly (ext),2024-12-13 08:43:58.890,65.0,8,1,10,16,5.0,
Benchpress,2024-12-17 08:17:18.305,60.0,10,0,8,12,5.0,
Benchpress,2024-12-17 08:17:19.313,60.0,10,0,8,12,5.0,
Benchpress,2024-12-17 08:18:50.607,100.0,11,1,8,12,5.0,
Benchpress,2024-12-17 08:22:26.196,100.0,6,1,8,12,5.0,
Benchpress,2024-12-17 08:27:58.781,100.0,6,1,8,12,5.0,
Shoulder Press ,2024-12-17 08:29:15.047,40.0,16,1,10,20,5.0,
Shoulder Press ,2024-12-17 08:32:39.699,40.0,11,1,10,20,5.0,
Shoulder Press ,2024-12-17 08:33:20.346,40.0,10,1,10,20,5.0,
Shoulder Press ,2024-12-17 08:37:25.781,40.0,10,1,10,20,5.0,
Deadlift,2024-12-17 08:38:44.852,60.0,10,0,8,12,5.0,
Deadlift,2024-12-17 08:44:15.754,60.0,10,0,8,12,5.0,
Deadlift,2024-12-17 08:45:45.069,120.0,11,1,8,12,5.0,
Deadlift,2024-12-17 08:50:27.351,120.0,6,1,8,12,5.0,
Deadlift,2024-12-17 08:55:23.455,120.0,6,1,8,12,5.0,
Preacher Curl,2024-12-18 08:20:38.801,10.0,16,0,10,16,2.0,
Preacher Curl,2024-12-18 08:20:40.812,10.0,16,0,10,16,2.0,
Preacher Curl,2024-12-18 08:23:24.707,25.0,18,1,10,16,2.0,
Preacher Curl,2024-12-18 08:26:10.435,25.0,12,1,10,16,2.0,
Preacher Curl,2024-12-18 08:29:18.751,25.0,11,1,10,16,2.0,
Preacher Curl,2024-12-18 08:31:36.251,25.0,10,1,10,16,2.0,
Preacher Curl,2024-12-18 08:33:58.552,25.0,8,1,10,16,2.0,
Chest Press,2024-12-22 13:23:57.173,40.0,14,0,8,14,10.0,
Benchpress,2024-12-22 13:31:35.645,100.0,12,1,8,12,5.0,
Benchpress,2024-12-22 13:34:42.358,100.0,5,1,8,12,5.0,
Benchpress,2024-12-22 13:37:25.821,100.0,5,1,8,12,5.0,
Shoulder Press ,2024-12-22 13:41:01.463,40.0,16,1,10,20,5.0,
Shoulder Press ,2024-12-22 13:44:37.403,40.0,10,1,10,20,5.0,
Shoulder Press ,2024-12-22 13:44:38.394,40.0,9,1,10,20,5.0,
Deadlift,2024-12-22 13:49:55.304,60.0,10,0,8,12,5.0,
Deadlift,2024-12-22 13:49:58.313,60.0,10,0,8,12,5.0,
Deadlift,2024-12-22 13:55:30.190,120.0,11,1,8,12,5.0,
Deadlift,2024-12-22 14:00:09.382,120.0,7,1,8,12,5.0,
Deadlift,2024-12-22 14:03:36.282,120.0,6,1,8,12,5.0,
Preacher Curl,2024-12-23 08:42:55.646,15.0,10,0,10,16,2.0,
Preacher Curl,2024-12-23 08:42:56.622,15.0,10,0,10,16,2.0,
Preacher Curl,2024-12-23 08:45:37.125,27.5,12,1,10,16,2.0,
Preacher Curl,2024-12-23 08:48:00.207,27.5,9,1,10,16,2.0,
Preacher Curl,2024-12-23 08:50:38.950,27.5,8,1,10,16,2.0,
Preacher Curl,2024-12-23 08:52:54.932,27.5,7,1,10,16,2.0,
Preacher Curl,2024-12-23 08:55:27.002,27.5,7,1,10,16,2.0,
Preacher Curl,2024-12-23 08:58:00.843,27.5,8,1,10,16,2.0,
Triceps Pull (Overhead)(Lower),2024-12-23 09:02:11.199,20.0,15,1,10,16,2.5,
Triceps Pull (Overhead)(Lower),2024-12-23 09:04:58.667,20.0,10,1,10,16,2.5,
Triceps Pull (Overhead)(Lower),2024-12-23 09:07:26.971,20.0,8,1,10,16,2.5,
Triceps Pull (Overhead),2024-12-23 09:09:28.626,30.0,8,1,10,16,2.5,
Triceps Pull (Overhead),2024-12-23 09:09:29.617,30.0,8,1,10,16,2.5,
Triceps Pull (Overhead),2024-12-23 09:12:16.902,30.0,9,1,10,16,2.5,
Squads,2024-12-24 09:44:24.018,50.0,10,0,8,12,5.0,
Squads,2024-12-24 09:46:00.324,50.0,10,0,8,12,5.0,
Squads,2024-12-24 09:50:03.529,100.0,11,1,8,12,5.0,
Squads,2024-12-24 09:52:43.343,100.0,7,1,8,12,5.0,
Squads,2024-12-24 09:56:06.610,100.0,7,1,8,12,5.0,
Squads,2024-12-24 10:02:08.983,60.0,10,2,8,12,5.0,
Squads,2024-12-24 10:02:09.303,60.0,10,2,8,12,5.0,
Cross-Arm Rear Delt,2024-12-25 09:18:18.020,10.0,15,1,10,16,2.5,
Cross-Arm Rear Delt,2024-12-25 09:21:53.501,10.0,8,1,10,16,2.5,
Cross-Arm Rear Delt,2024-12-25 09:23:00.692,10.0,8,1,10,16,2.5,
Lat Pulldown,2024-12-25 09:27:39.714,35.0,10,0,8,14,5.0,
Lat Pulldown,2024-12-25 09:27:45.712,50.0,10,0,8,14,5.0,
Lat Pulldown,2024-12-25 09:31:16.710,70.0,14,1,8,14,5.0,
Lat Pulldown,2024-12-25 09:33:38.470,70.0,8,1,8,14,5.0,
Lat Pulldown,2024-12-25 09:36:06.918,70.0,7,1,8,14,5.0,
Lat Pulldown,2024-12-25 09:38:50.320,70.0,6,1,8,14,5.0,
Facepull,2024-12-25 09:45:44.882,45.0,15,1,10,15,2.5,
Benchpress,2025-01-13 08:12:21.336,60.0,10,0,8,12,5.0,
Benchpress,2025-01-13 08:12:21.729,60.0,10,0,8,12,5.0,
Benchpress,2025-01-13 08:13:20.824,105.0,6,0,8,12,5.0,
Benchpress,2025-01-13 08:15:18.752,100.0,5,0,8,12,5.0,
Deadlift,2025-01-13 08:30:52.402,60.0,10,0,8,12,5.0,
Deadlift,2025-01-13 08:30:53.410,60.0,10,0,8,12,5.0,
Deadlift,2025-01-13 08:36:16.379,120.0,11,0,8,12,5.0,
Benchpress,2025-01-17 08:12:01.097,60.0,10,0,8,12,5.0,
Benchpress,2025-01-17 08:12:02.105,60.0,10,0,8,12,5.0,
Benchpress,2025-01-17 08:15:03.895,105.0,7,1,8,12,5.0,
Lat Pulldown,2025-01-17 08:25:47.968,35.0,10,0,8,14,5.0,
Lat Pulldown,2025-01-17 08:25:48.304,35.0,10,0,8,14,5.0,
Bentover Row,2025-01-17 08:35:39.418,50.0,10,1,10,16,5.0,
Benchpress,2025-01-31 08:06:50.616,60.0,10,0,8,12,5.0,
Benchpress,2025-01-31 08:09:07.851,60.0,10,0,8,12,5.0,
Benchpress,2025-01-31 08:12:19.815,105.0,8,1,8,12,5.0,
Benchpress,2025-01-31 08:15:55.030,100.0,6,1,8,12,5.0,
Benchpress,2025-01-31 08:19:35.047,100.0,5,1,8,12,5.0,
Shoulder Press ,2025-01-31 08:25:41.509,40.0,17,1,10,20,5.0,
Shoulder Press ,2025-01-31 08:27:28.702,40.0,11,1,10,20,5.0,
Shoulder Press ,2025-01-31 08:29:32.078,40.0,10,1,10,20,5.0,
Shoulder Press ,2025-01-31 08:31:53.975,40.0,9,1,10,20,5.0,
Deadlift,2025-01-31 08:35:10.403,60.0,10,0,8,12,5.0,
Deadlift,2025-01-31 08:35:11.357,60.0,10,0,8,12,5.0,
Deadlift,2025-01-31 08:42:04.066,120.0,12,1,8,12,5.0,
Deadlift,2025-01-31 08:46:13.414,120.0,7,1,8,12,5.0,
Deadlift,2025-01-31 08:51:13.195,120.0,6,1,8,12,5.0,
Deadlift,2025-01-31 08:55:23.466,100.0,8,2,8,12,5.0,
Squads,2025-01-31 09:02:27.389,60.5,10,0,8,12,5.0,
Preacher Curl,2025-01-31 09:17:10.969,27.5,13,1,10,16,2.0,
Benchpress,2025-02-03 08:08:50.414,60.0,10,0,8,12,5.0,
Benchpress,2025-02-03 08:08:53.417,60.0,10,0,8,12,5.0,
Benchpress,2025-02-03 08:15:23.804,105.0,8,1,8,12,5.0,
Shoulder Press ,2025-02-03 08:27:31.959,40.0,18,1,10,20,5.0,
Deadlift,2025-02-03 08:36:45.523,60.0,10,0,8,12,5.0,
Deadlift,2025-02-03 08:36:46.517,60.0,10,0,8,12,5.0,
Deadlift,2025-02-03 08:43:12.713,120.0,12,1,8,12,5.0,
Lat Pulldown,2025-02-06 08:17:01.440,50.0,10,0,8,14,5.0,
Lat Pulldown,2025-02-06 08:17:02.449,50.0,10,0,8,14,5.0,
Lat Pulldown,2025-02-06 08:18:20.649,70.0,14,1,8,14,5.0,
Lat Pulldown,2025-02-06 08:21:09.196,70.0,8,1,8,14,5.0,
Lat Pulldown,2025-02-06 08:23:51.754,70.0,6,1,8,14,5.0,
Bentover Row,2025-02-06 08:31:27.745,50.0,13,1,10,16,5.0,
Bentover Row,2025-02-06 08:36:57.212,50.0,10,1,10,16,5.0,
Bentover Row,2025-02-06 08:36:58.204,50.0,9,1,10,16,5.0,
Bentover Row,2025-02-06 08:39:51.526,50.0,12,1,10,16,5.0,
Facepull,2025-02-06 08:43:36.384,45.0,15,1,10,15,2.5,
Facepull,2025-02-06 08:45:09.293,45.0,8,1,10,15,2.5,
Facepull,2025-02-06 08:48:01.598,45.0,8,1,10,15,2.5,
Facepull,2025-02-06 08:50:09.786,45.0,8,1,10,15,2.5,
Lat Raise (Cable),2025-02-06 08:51:55.403,10.0,11,1,10,18,2.5,
Lat Raise (Cable),2025-02-06 08:54:18.561,10.0,8,1,10,18,2.5,
Lat Raise (Cable),2025-02-06 08:57:10.702,10.0,8,1,10,18,2.5,
Squads,2025-02-06 09:02:13.129,50.0,10,0,8,12,5.0,
Squads,2025-02-06 09:02:14.003,50.0,10,0,8,12,5.0,
Squads,2025-02-06 09:05:54.145,100.0,11,1,8,12,5.0,
Squads,2025-02-06 09:05:59.155,100.0,11,1,8,12,5.0,
Benchpress,2025-02-07 08:26:07.141,55.0,10,0,8,12,5.0,
Benchpress,2025-02-07 08:30:02.639,105.0,8,1,8,12,5.0,
Benchpress,2025-02-07 08:34:19.048,105.0,5,1,8,12,5.0,
Preacher Curl,2025-02-07 08:42:33.588,27.5,13,1,10,16,2.0,
Preacher Curl,2025-02-07 08:45:26.116,27.5,8,1,10,16,2.0,
Preacher Curl,2025-02-07 08:50:28.473,27.5,8,1,10,16,2.0,
Preacher Curl,2025-02-07 08:50:28.967,27.5,8,1,10,16,2.0,
Butterfly (ext),2025-02-07 08:52:01.918,70.0,10,1,10,16,5.0,
Butterfly (ext),2025-02-07 08:54:12.119,70.0,8,1,10,16,5.0,
Butterfly (ext),2025-02-07 08:57:07.093,70.0,7,1,10,16,5.0,
Butterfly (ext),2025-02-07 09:00:37.791,70.0,7,1,10,16,5.0,
Triceps Pull (Overhead),2025-02-07 09:02:03.497,30.0,14,1,10,16,2.5,
Triceps Pull (Overhead),2025-02-07 09:04:58.398,30.0,8,1,10,16,2.5,
Triceps Pull (Overhead),2025-02-07 09:12:06.347,30.0,8,1,10,16,2.5,
Triceps Pull (Overhead),2025-02-07 09:12:07.136,30.0,8,1,10,16,2.5,
Lat Pulldown,2025-02-13 08:11:44.865,35.0,15,0,8,14,5.0,
Lat Pulldown,2025-02-13 08:11:52.865,45.0,15,0,8,14,5.0,
Lat Pulldown,2025-02-13 08:19:19.714,70.0,14,1,8,14,5.0,
Lat Pulldown,2025-02-13 08:19:24.700,70.0,8,1,8,14,5.0,
Lat Pulldown,2025-02-13 08:22:26.680,70.0,7,1,8,14,5.0,
Lat Pulldown,2025-02-13 08:24:21.680,70.0,6,1,8,14,5.0,
Bentover Row,2025-02-13 08:29:14.234,50.0,14,1,10,16,5.0,
Bentover Row,2025-02-13 08:31:53.465,50.0,12,1,10,16,5.0,
Bentover Row,2025-02-13 08:36:57.888,50.0,8,1,10,16,5.0,
Facepull,2025-02-13 08:46:57.374,45.0,15,1,10,15,2.5,
Facepull,2025-02-13 08:46:59.372,45.0,10,1,10,15,2.5,
Facepull,2025-02-13 08:49:47.851,45.0,8,1,10,15,2.5,
Shoulder Press ,2025-02-13 08:55:11.162,40.0,19,1,10,20,5.0,
Shoulder Press ,2025-02-13 08:57:02.073,40.0,12,1,10,20,5.0,
Shoulder Press ,2025-02-13 08:59:52.273,40.0,10,1,10,20,5.0,
Benchpress,2025-02-17 08:11:41.209,60.0,10,0,8,12,5.0,
Benchpress,2025-02-17 08:11:42.202,60.0,10,0,8,12,5.0,
Benchpress,2025-02-17 08:15:47.573,105.0,9,1,8,12,5.0,
Benchpress,2025-02-17 08:20:41.949,105.0,5,1,8,12,5.0,
Benchpress,2025-02-17 08:29:04.851,105.0,5,1,8,12,5.0,
Shoulder Press ,2025-02-17 08:30:27.816,50.0,14,1,10,20,5.0,
Shoulder Press ,2025-02-17 08:33:15.101,50.0,10,1,10,20,5.0,
Shoulder Press ,2025-02-17 08:36:05.024,50.0,11,1,10,20,5.0,
Deadlift,2025-02-17 08:47:30.986,60.0,10,0,8,12,5.0,
Deadlift,2025-02-17 08:47:31.978,60.0,10,0,8,12,5.0,
Deadlift,2025-02-17 08:52:18.389,125.0,8,1,8,12,5.0,
Deadlift,2025-02-17 08:56:46.782,125.0,6,1,8,12,5.0,
Deadlift,2025-02-17 09:05:38.071,125.0,5,1,8,12,5.0,
Benchpress,2025-02-21 08:16:04.235,55.0,10,0,8,12,5.0,
Benchpress,2025-02-21 08:16:04.654,55.0,10,0,8,12,5.0,
Benchpress,2025-02-21 08:19:57.682,105.0,9,1,8,12,5.0,
Benchpress,2025-02-21 08:20:30.424,105.0,6,1,8,12,5.0,
Lat Pulldown,2025-02-21 08:31:50.083,45.0,10,0,8,14,5.0,
Lat Pulldown,2025-02-21 08:31:50.695,45.0,10,0,8,14,5.0,
Lat Pulldown,2025-02-21 08:35:45.483,70.0,14,1,8,14,5.0,
Butterfly (ext),2025-02-21 08:42:29.875,70.0,11,1,10,16,5.0,
Butterfly (ext),2025-02-21 08:45:16.466,70.0,8,1,10,16,5.0,
Butterfly (ext),2025-02-21 08:47:56.172,70.0,8,1,10,16,5.0,
Bentover Row,2025-02-21 08:50:42.853,50.0,15,1,10,16,5.0,
Bentover Row,2025-02-21 08:53:24.547,50.0,10,1,10,16,5.0,
Bentover Row,2025-02-21 08:55:21.383,50.0,9,1,10,16,5.0,
Bentover Row,2025-02-21 08:58:07.184,50.0,8,1,10,16,5.0,
Benchpress,2025-02-25 08:10:32.177,60.0,10,0,8,12,5.0,
Benchpress,2025-02-25 08:10:32.840,60.0,10,0,8,12,5.0,
Benchpress,2025-02-25 08:14:12.127,105.0,9,1,8,12,5.0,
Benchpress,2025-02-25 08:19:15.250,105.0,5,1,8,12,5.0,
Shoulder Press ,2025-02-25 08:24:48.224,50.0,15,1,10,20,5.0,
Shoulder Press ,2025-02-25 08:27:15.914,50.0,10,1,10,20,5.0,
Shoulder Press ,2025-02-25 08:29:33.741,50.0,8,1,10,20,5.0,
Deadlift,2025-02-25 08:35:20.370,60.0,10,0,8,12,5.0,
Deadlift,2025-02-25 08:38:13.512,60.0,10,0,8,12,5.0,
Deadlift,2025-02-25 08:41:54.899,125.0,8,1,8,12,5.0,
Deadlift,2025-02-25 08:45:17.435,125.0,6,1,8,12,5.0,
Deadlift,2025-02-25 08:49:34.662,125.0,5,1,8,12,5.0,
Hip Thrust,2025-02-27 08:17:06.391,20.0,19,1,10,30,10.0,
Hip Thrust,2025-02-27 08:18:49.081,20.0,14,1,10,30,10.0,
Hip Thrust,2025-02-27 08:20:43.805,20.0,11,1,10,30,10.0,
Calf Raise,2025-02-27 08:26:32.421,90.0,25,1,15,30,5.0,
Calf Raise,2025-02-27 08:29:21.689,90.0,18,1,15,30,5.0,
Calf Raise,2025-02-27 08:34:33.575,90.0,18,1,15,30,5.0,
Lat Pulldown,2025-02-27 08:38:53.545,70.0,14,1,8,14,5.0,
Lat Pulldown,2025-02-27 08:41:35.372,70.0,8,1,8,14,5.0,
Lat Pulldown,2025-02-27 08:45:36.143,70.0,8,1,8,14,5.0,
Lat Pulldown,2025-02-27 08:45:38.150,70.0,8,1,8,14,5.0,
Bentover Row,2025-02-27 08:47:58.043,50.0,15,1,10,16,5.0,
Bentover Row,2025-02-27 08:50:56.591,50.0,10,1,10,16,5.0,
Bentover Row,2025-02-27 09:05:23.567,50.0,10,1,10,16,5.0,
Bentover Row,2025-02-27 09:05:23.817,50.0,10,1,10,16,5.0,
Squads,2025-02-27 09:05:29.688,50.0,10,0,8,12,5.0,
Squads,2025-02-27 09:05:30.497,50.0,10,0,8,12,5.0,
Squads,2025-02-27 09:09:24.406,100.0,10,1,8,12,5.0,
Benchpress,2025-02-28 08:27:59.328,60.0,10,0,8,12,5.0,
Benchpress,2025-02-28 08:29:59.016,60.0,9,0,8,12,5.0,
Benchpress,2025-02-28 08:32:22.592,105.0,9,1,8,12,5.0,
Benchpress,2025-02-28 08:35:32.272,105.0,5,1,8,12,5.0,
Benchpress,2025-02-28 08:38:12.974,105.0,4,1,8,12,5.0,
Preacher Curl,2025-02-28 08:42:52.694,30.0,11,1,10,16,2.0,
Preacher Curl,2025-02-28 08:44:53.620,30.0,7,1,10,16,2.0,
Preacher Curl,2025-02-28 08:48:16.479,30.0,6,1,10,16,2.0,
Preacher Curl,2025-02-28 08:51:48.409,30.0,6,1,10,16,2.0,
Triceps Pull (Overhead),2025-02-28 08:53:08.267,30.0,15,1,10,16,2.5,
Triceps Pull (Overhead),2025-02-28 08:54:56.679,30.0,7,1,10,16,2.5,
Triceps Pull (Overhead),2025-02-28 08:56:49.506,30.0,6,1,10,16,2.5,
Triceps Pull (Overhead),2025-02-28 08:58:57.415,30.0,6,1,10,16,2.5,
Lat Raise (Cable),2025-02-28 09:00:52.345,10.0,11,1,10,18,2.5,
Lat Raise (Cable),2025-02-28 09:03:54.446,10.0,7,1,10,18,2.5,
Lat Raise (Cable),2025-02-28 09:07:24.354,10.0,7,1,10,18,2.5,
Butterfly (ext),2025-02-28 09:09:48.809,70.0,13,1,10,16,5.0,
Butterfly (ext),2025-02-28 09:12:31.160,70.0,10,1,10,16,5.0,
Butterfly (ext),2025-02-28 09:14:29.744,70.0,7,1,10,16,5.0,
Benchpress,2025-03-03 08:23:45.386,60.0,10,0,8,12,5.0,
Benchpress,2025-03-03 08:25:01.462,60.0,10,0,8,12,5.0,
Benchpress,2025-03-03 08:28:40.472,105.0,9,1,8,12,5.0,
Benchpress,2025-03-03 08:31:05.690,105.0,5,1,8,12,5.0,
Benchpress,2025-03-03 08:38:18.589,105.0,5,1,8,12,5.0,
Shoulder Press ,2025-03-03 08:40:02.294,50.0,16,1,10,20,5.0,
Shoulder Press ,2025-03-03 08:42:00.819,50.0,10,1,10,20,5.0,
Shoulder Press ,2025-03-03 08:44:13.579,50.0,9,1,10,20,5.0,
Shoulder Press ,2025-03-03 08:46:56.205,50.0,9,1,10,20,5.0,
Deadlift,2025-03-03 08:51:13.784,60.0,10,0,8,12,5.0,
Deadlift,2025-03-03 08:51:13.956,60.0,10,0,8,12,5.0,
Deadlift,2025-03-03 08:58:37.285,125.0,8,1,8,12,5.0,
Deadlift,2025-03-03 09:05:04.904,125.0,5,1,8,12,5.0,
Benchpress,2025-03-11 09:48:54.583,105.0,10,1,8,12,5.0,
Benchpress,2025-03-11 09:52:12.397,105.0,5,1,8,12,5.0,
Benchpress,2025-03-11 09:58:17.565,105.0,5,1,8,12,5.0,
Lat Raise (Dumbbell) ,2025-03-11 10:01:48.764,10.0,13,1,10,18,2.0,
Lat Raise (Dumbbell) ,2025-03-11 10:05:03.101,10.0,9,1,10,18,2.0,
Deadlift,2025-03-11 10:12:02.635,125.0,9,1,8,12,5.0,
Deadlift,2025-03-11 10:15:55.093,125.0,6,1,8,12,5.0,
Deadlift,2025-03-11 10:19:54.336,125.0,4,1,8,12,5.0,
Lat Pulldown,2025-03-13 08:51:29.818,50.0,10,0,8,14,5.0,
Lat Pulldown,2025-03-13 08:51:30.199,50.0,10,0,8,14,5.0,
Lat Pulldown,2025-03-13 08:55:03.397,70.0,15,1,8,14,5.0,
Lat Pulldown,2025-03-13 08:57:57.426,70.0,9,1,8,14,5.0,
Lat Pulldown,2025-03-13 09:00:35.946,70.0,7,1,8,14,5.0,
Lat Pulldown,2025-03-13 09:03:38.595,70.0,7,1,8,14,5.0,
Hip Thrust,2025-03-13 09:06:20.191,20.0,20,1,10,30,10.0,
Hip Thrust,2025-03-13 09:08:36.988,20.0,13,1,10,30,10.0,
Hip Thrust,2025-03-13 09:11:10.511,20.0,13,1,10,30,10.0,
Squads,2025-03-13 09:19:00.522,50.0,10,0,8,12,5.0,
Squads,2025-03-13 09:19:00.606,50.0,10,0,8,12,5.0,
Squads,2025-03-13 09:27:26.617,100.0,10,1,8,12,5.0,
Squads,2025-03-13 09:27:29.629,100.0,7,1,8,12,5.0,
Bentover Row,2025-03-13 09:32:16.427,60.0,10,1,10,16,5.0,
Bentover Row,2025-03-13 09:34:34.716,60.0,8,1,10,16,5.0,
Bentover Row,2025-03-13 09:37:45.565,60.0,7,1,10,16,5.0,
Benchpress,2025-03-14 08:12:51.707,60.0,10,0,8,12,5.0,
Benchpress,2025-03-14 08:17:35.898,105.0,10,1,8,12,5.0,
Benchpress,2025-03-14 08:21:44.845,105.0,5,1,8,12,5.0,
Benchpress,2025-03-14 08:26:18.196,105.0,5,1,8,12,5.0,
Preacher Curl,2025-03-14 08:30:36.536,30.0,12,1,10,16,2.0,
Preacher Curl,2025-03-14 08:32:42.280,30.0,7,1,10,16,2.0,
Preacher Curl,2025-03-14 08:35:18.801,30.0,6,1,10,16,2.0,
Butterfly (ext),2025-03-14 08:41:48.176,70.0,13,1,10,16,5.0,
Butterfly (ext),2025-03-14 08:43:41.887,70.0,8,1,10,16,5.0,
Butterfly (ext),2025-03-14 08:47:34.561,70.0,7,1,10,16,5.0,
Butterfly (ext),2025-03-14 08:47:34.696,70.0,7,1,10,16,5.0,
Triceps Pull (Overhead),2025-03-14 08:48:53.643,30.0,16,1,10,16,2.5,
Triceps Pull (Overhead),2025-03-14 08:52:46.943,30.0,8,1,10,16,2.5,
Triceps Pull (Overhead),2025-03-14 08:53:39.115,30.0,8,1,10,16,2.5,
Triceps Pull (Overhead),2025-03-14 08:56:25.959,30.0,7,1,10,16,2.5,
Lat Raise (Cable),2025-03-14 09:01:16.802,10.0,12,1,10,18,2.5,
Lat Raise (Cable),2025-03-14 09:03:23.521,10.0,7,1,10,18,2.5,
Benchpress,2025-03-17 08:15:06.136,60.0,10,0,8,12,5.0,
Benchpress,2025-03-17 08:18:33.625,60.0,10,0,8,12,5.0,
Benchpress,2025-03-17 08:22:21.233,105.0,10,1,8,12,5.0,
Benchpress,2025-03-17 08:26:13.644,105.0,5,1,8,12,5.0,
Benchpress,2025-03-17 08:31:59.756,105.0,5,1,8,12,5.0,
Shoulder Press ,2025-03-17 08:35:48.931,50.0,16,1,10,20,5.0,
Shoulder Press ,2025-03-17 08:38:13.235,50.0,10,1,10,20,5.0,
Shoulder Press ,2025-03-17 08:41:55.462,50.0,10,1,10,20,5.0,
Shoulder Press ,2025-03-17 08:43:46.208,50.0,8,1,10,20,5.0,
Deadlift,2025-03-17 08:47:06.019,60.0,10,0,8,12,5.0,
Deadlift,2025-03-17 08:47:06.306,60.0,10,0,8,12,5.0,
Deadlift,2025-03-17 08:54:07.718,125.0,9,1,8,12,5.0,
Deadlift,2025-03-17 08:58:34.756,125.0,6,1,8,12,5.0,
Deadlift,2025-03-17 09:03:02.945,125.0,5,1,8,12,5.0,
Lat Pulldown,2025-03-20 08:25:42.078,50.0,15,0,8,14,5.0,
Lat Pulldown,2025-03-20 08:25:43.086,50.0,15,0,8,14,5.0,
Lat Pulldown,2025-03-20 08:29:37.591,75.0,11,1,8,14,5.0,
Lat Pulldown,2025-03-20 08:32:36.140,75.0,8,1,8,14,5.0,
Lat Pulldown,2025-03-20 08:35:11.391,75.0,7,1,8,14,5.0,
Lat Pulldown,2025-03-20 08:38:03.242,75.0,7,1,8,14,5.0,
Hip Thrust,2025-03-20 08:42:49.728,20.0,20,1,10,30,10.0,
Hip Thrust,2025-03-20 08:44:59.798,20.0,13,1,10,30,10.0,
Hip Thrust,2025-03-20 08:49:55.172,20.0,13,1,10,30,10.0,
Bentover Row,2025-03-20 08:52:27.531,60.0,12,1,10,16,5.0,
Bentover Row,2025-03-20 08:56:37.018,60.0,10,1,10,16,5.0,
Bentover Row,2025-03-20 08:58:57.899,60.0,8,1,10,16,5.0,
Bentover Row,2025-03-20 09:01:58.236,60.0,7,1,10,16,5.0,
Bentover Row,2025-03-20 09:04:30.083,60.0,8,1,10,16,5.0,
Squads,2025-03-20 09:07:09.600,50.0,10,0,8,12,5.0,
Squads,2025-03-20 09:07:09.638,50.0,10,0,8,12,5.0,
Squads,2025-03-20 09:13:09.396,100.0,10,1,8,12,5.0,
Squads,2025-03-20 09:20:33.651,100.0,6,1,8,12,5.0,
Calf Raise,2025-03-20 09:26:03.968,100.0,16,1,15,30,5.0,
Calf Raise,2025-03-20 09:29:08.170,100.0,15,1,15,30,5.0,
Calf Raise,2025-03-20 09:32:32.543,100.0,15,1,15,30,5.0,
Benchpress,2025-03-21 08:16:52.729,60.0,10,0,8,12,5.0,
Benchpress,2025-03-21 08:20:15.228,105.0,10,1,8,12,5.0,
Benchpress,2025-03-21 08:25:20.192,105.0,6,1,8,12,5.0,
Benchpress,2025-03-21 08:30:19.294,105.0,5,1,8,12,5.0,
Preacher Curl,2025-03-21 08:32:35.578,30.0,13,1,10,16,2.0,
Preacher Curl,2025-03-21 08:34:39.404,30.0,7,1,10,16,2.0,
Preacher Curl,2025-03-21 08:37:08.453,30.0,6,1,10,16,2.0,
Preacher Curl,2025-03-21 08:39:40.904,30.0,6,1,10,16,2.0,
Butterfly (ext),2025-03-21 08:43:32.365,70.0,14,1,10,16,5.0,
Butterfly (ext),2025-03-21 08:46:02.275,70.0,9,1,10,16,5.0,
Butterfly (ext),2025-03-21 08:48:58.374,70.0,7,1,10,16,5.0,
Butterfly (ext),2025-03-21 08:52:45.529,70.0,7,1,10,16,5.0,
Triceps Pull (Overhead),2025-03-21 08:54:24.365,35.0,11,1,10,16,2.5,
Triceps Pull (Overhead),2025-03-21 08:57:06.487,35.0,6,1,10,16,2.5,
Triceps Pull (Overhead),2025-03-21 09:02:19.371,35.0,6,1,10,16,2.5,
Triceps Pull (Overhead),2025-03-21 09:02:20.364,35.0,6,1,10,16,2.5,
Lat Raise (Dumbbell) ,2025-03-21 09:04:08.992,10.0,13,1,10,18,2.0,
Lat Raise (Dumbbell) ,2025-03-21 09:06:36.735,10.0,7,1,10,18,2.0,
Benchpress,2025-03-24 08:38:41.709,60.0,10,0,8,12,5.0,
Benchpress,2025-03-24 08:38:42.633,60.0,10,0,8,12,5.0,
Benchpress,2025-03-24 08:45:28.991,105.0,10,1,8,12,5.0,
Benchpress,2025-03-24 08:45:35.984,105.0,6,1,8,12,5.0,
Benchpress,2025-03-24 08:45:36.992,105.0,6,1,8,12,5.0,
Shoulder Press ,2025-03-24 08:58:05.906,50.0,16,1,10,20,5.0,
Shoulder Press ,2025-03-24 09:01:01.795,50.0,10,1,10,20,5.0,
Shoulder Press ,2025-03-24 09:09:55.366,50.0,10,1,10,20,5.0,
Deadlift,2025-03-24 09:11:35.472,60.0,10,0,8,12,5.0,
Deadlift,2025-03-24 09:11:36.466,60.0,10,0,8,12,5.0,
Deadlift,2025-03-24 09:20:57.132,125.0,9,1,8,12,5.0,
Deadlift,2025-03-24 09:20:58.123,125.0,9,1,8,12,5.0,
Deadlift,2025-03-24 09:20:58.815,125.0,9,1,8,12,5.0,
Benchpress,2025-03-31 11:49:53.500,55.0,10,0,8,12,5.0,
Benchpress,2025-03-31 11:49:53.905,55.0,10,0,8,12,5.0,
Benchpress,2025-03-31 11:53:28.359,105.0,10,1,8,12,5.0,
Benchpress,2025-03-31 11:58:34.421,105.0,6,1,8,12,5.0,
Benchpress,2025-03-31 12:02:05.123,105.0,6,1,8,12,5.0,
Shoulder Press ,2025-03-31 12:04:06.775,50.0,16,1,10,20,5.0,
Shoulder Press ,2025-03-31 12:06:08.222,50.0,10,1,10,20,5.0,
Shoulder Press ,2025-03-31 12:10:59.032,50.0,10,1,10,20,5.0,
Deadlift,2025-03-31 12:13:54.840,65.0,9,0,8,12,5.0,
Deadlift,2025-03-31 12:13:58.847,65.0,9,0,8,12,5.0,
Deadlift,2025-03-31 12:23:14.829,125.0,9,1,8,12,5.0,
Lat Pulldown,2025-04-03 09:32:19.171,50.0,11,0,8,14,5.0,
Lat Pulldown,2025-04-03 09:32:19.828,50.0,11,0,8,14,5.0,
Lat Pulldown,2025-04-03 09:34:18.173,75.0,12,1,8,14,5.0,
Lat Pulldown,2025-04-03 09:36:48.173,75.0,8,1,8,14,5.0,
Lat Pulldown,2025-04-03 09:39:08.170,75.0,7,1,8,14,5.0,
Hip Thrust,2025-04-03 09:43:48.998,20.0,21,1,10,30,10.0,
Hip Thrust,2025-04-03 09:46:06.999,20.0,12,1,10,30,10.0,
Hip Thrust,2025-04-03 09:48:23.995,20.0,10,1,10,30,10.0,
Calf Raise,2025-04-03 09:54:47.439,100.0,18,1,15,30,5.0,
Calf Raise,2025-04-03 09:57:38.434,100.0,13,1,15,30,5.0,
Calf Raise,2025-04-03 10:01:45.436,100.0,13,1,15,30,5.0,
Bentover Row,2025-04-03 10:03:45.267,60.0,14,1,10,16,5.0,
Bentover Row,2025-04-03 10:07:01.263,60.0,10,1,10,16,5.0,
Bentover Row,2025-04-03 10:09:05.268,60.0,8,1,10,16,5.0,
Squads,2025-04-03 10:16:25.653,50.0,10,0,8,12,5.0,
Squads,2025-04-03 10:19:26.257,100.0,10,1,8,12,5.0,
Squads,2025-04-03 10:19:28.265,100.0,10,1,8,12,5.0,
Benchpress,2025-04-04 08:11:42.959,55.0,10,0,8,12,5.0,
Benchpress,2025-04-04 08:11:44.745,105.0,10,1,8,12,5.0,
Benchpress,2025-04-04 08:21:59.740,105.0,5,1,8,12,5.0,
Benchpress,2025-04-04 08:22:00.497,105.0,5,1,8,12,5.0,
Preacher Curl,2025-04-04 08:24:51.331,30.0,14,1,10,16,2.0,
Preacher Curl,2025-04-04 08:26:00.004,30.0,8,1,10,16,2.0,
Preacher Curl,2025-04-04 08:28:59.016,30.0,6,1,10,16,2.0,
Triceps Pull (Overhead),2025-04-04 08:32:28.490,35.0,12,1,10,16,2.5,
Triceps Pull (Overhead),2025-04-04 08:34:06.916,35.0,8,1,10,16,2.5,
Triceps Pull (Overhead),2025-04-04 08:36:18.936,35.0,7,1,10,16,2.5,
Lat Raise (Dumbbell) ,2025-04-04 08:38:49.770,10.0,14,1,10,18,2.0,
Lat Raise (Dumbbell) ,2025-04-04 08:41:00.929,10.0,7,1,10,18,2.0,
Lat Raise (Dumbbell) ,2025-04-04 08:43:54.604,10.0,7,1,10,18,2.0,
Butterfly (ext),2025-04-04 08:46:17.298,70.0,14,1,10,16,5.0,
Butterfly (ext),2025-04-04 08:51:49.906,70.0,8,1,10,16,5.0,
Butterfly (ext),2025-04-04 08:51:50.998,70.0,7,1,10,16,5.0,
Benchpress,2025-04-14 08:11:42.597,60.0,10,0,8,12,5.0,
Benchpress,2025-04-14 08:14:02.602,60.0,10,0,8,12,5.0,
Benchpress,2025-04-14 08:18:22.389,105.0,10,1,8,12,5.0,
Benchpress,2025-04-14 08:18:27.411,105.0,5,1,8,12,5.0,
Benchpress,2025-04-14 08:18:28.385,105.0,5,1,8,12,5.0,
Shoulder Press ,2025-04-14 08:29:04.455,50.0,16,1,10,20,5.0,
Shoulder Press ,2025-04-14 08:31:24.461,50.0,11,1,10,20,5.0,
Shoulder Press ,2025-04-14 08:41:00.345,50.0,11,1,10,20,5.0,
Deadlift,2025-04-14 08:41:05.038,65.0,10,0,8,12,5.0,
Deadlift,2025-04-14 08:41:05.223,65.0,10,0,8,12,5.0,
Deadlift,2025-04-14 08:54:56.818,125.0,9,1,8,12,5.0,
Deadlift,2025-04-14 08:54:57.993,125.0,6,1,8,12,5.0,
Deadlift,2025-04-14 08:54:59.069,125.0,5,1,8,12,5.0,
Leg Extension,2025-05-22 13:35:35.937,50.0,10,1,10,20,5.0,
Leg Extension,2025-05-22 13:35:37.941,50.0,10,1,10,20,5.0,
Leg Extension,2025-05-22 13:35:38.730,50.0,10,1,10,20,5.0,